"Код","Название","Адрес"
"1","Категория Б","#NULL!"
"2","Эмир","Толстого, 104, 1 этаж"
"3","Ғұламжан","Акназар Хан, 60/3"
"4","Құрмет","Жибек жолы, 95, 1-2 этаж"
"5","Құрмет","Жуманова, 23/1"
"6","Құс жолы","Алибекова, 1а, 1 этаж"
"7","Ғабит","Хайруллина, 31"
"8","Ғабит","Бекболатова, 131/1"
"9","ҒАЗИЗА","Нурсултана Назарбаева проспект, 31, 1 этаж"
"10","Қазығұрт","Алдиярова, 2/1"
"11","Қазығұрт","Богенбай батыра, 83"
"12","Қазына","Елшибек батыра, 116/1"
"13","Қазына","Нурсат микрорайон, 107, 1 этаж"
"14","Қазына","18-й микрорайон, 8, 1 этаж"
"15","Қазына","Отырар, 64/1"
"16","Қайнар","Сайрамская, 38"
"17","Қайнар","Жубанова, 40Б"
"18","Қайсар","Рыскулова, 1007"
"19","Қара-су","Туркестанская, 4, 1 этаж"
"20","Қарахан Баба","Новостройка, 28"
"21","Қарлығаш","Туякбаева, 14а"
"22","Қарлығаш","Байтурсынова, 73, 1 этаж"
"23","Қарлығаш","Верещагина, 75"
"24","Қасиет","Байысбаева, 1/1, 1 этаж"
"25","ӘБДІРАХМАН АТА","Панфилова, 68/3, 1 этаж"
"26","Әдiлет","Казакстан, 16а"
"27","Әдемі","Дулати, 54, 1 этаж"
"28","Әдемі әже","Аккурай, 33/1"
"29","Әділ","Бактияров, 27/1"
"30","Әділет","4-й микрорайон, 3а"
"31","ҰЛ АС","Жолан Батыра, 115/1"
"32","Әлiби","Жибек жолы, 4/8"
"33","Әлия","Сурикова, 1а/1"
"34","Ұлық-төбе","Сайрамская, 45д, 1 этаж"
"35","Үміт","Северный жилмассив, 142/6"
"36","Қос бұлақ","Назарбекова, 222/1, 2 этаж"
"37","Әсел","8-й микрорайон, 5/1"
"38","ӘСЕЛ","Муканова, 87"
"39","Әсел","Восток микрорайон, 90, 1 этаж"
"40","Әсел","Жиделибайсын, 89, 1 этаж"
"41","Әсел","Алимкулова, 4, 1 этаж"
"42","Қуаныш","8-й микрорайон, 7/2"
"43","Қуаныш","Спатаева, 65/1"
"44","Қуаныш","Кабанбай батыра проспект, 5а, 1 этаж"
"45","Қудайберген-Ата","Аргынбекова, 1/5"
"46","Әшірбай Ата","4-й микрорайон, 9/5"
"47","Қызмет","Тауке Хана проспект, 160, 1 этаж"
"48","Қызмет","Коктем, 1/1"
"49","13","Майтобе, 4/1"
"50","24 сағат","Гагарина, 188/1"
"51","28","Гагарина, 88, 1 этаж"
"52","3-шi дүкен","Интернациональная, 56/1"
"53","700","Отарбаева, 665/1"
"54","77","Балтабай Нурлыбекова, 63/1"
"55","777","Жанкожа батыра, 205Б"
"56","777","8-й микрорайон, 12, 1 этаж"
"57","777","Байдибек би проспект, 20/4"
"58","888","Абдыразакова, 4/2"
"59","Aidana","Бауыржан Момышулы проспект, 147/2, 1 этаж"
"60","ALAMAN","Аламан, 1/2"
"61","ALI","Жибек жолы, 7/8"
"62","Almahan Ata","Юсупова, 130"
"63","Almira","Алии Молдагуловой, 4"
"64","Arbat","Бейбитшилик, 2"
"65","ARNAU","Аргынбекова, 60, 1 этаж"
"66","Arzan","Шокана Уалиханова, 225в/3, 1 этаж"
"67","Arzan MARKET","Кабанбай батыра проспект, 10"
"68","ARZU","Туркестанская, 6, 1 этаж"
"69","Asem ana","Тамерлановское шоссе, 152/1, 1 этаж"
"70","AZIYA","Тауке Хана проспект, 99/1"
"71","Azyq-tulik dukeni","Абдалиева, 2/1"
"72","Bagjan","Астана микрорайон, 93, 0 этаж"
"73","BAQDAULET","Мырзаби Ерназарова, 60, 1 этаж"
"74","Bayan Sulu","Абая проспект, 11а/13, 1 этаж"
"75","BAYMART","16-й микрорайон, 37, 1 этаж"
"76","Beksultan","Аргынбекова, 68/10"
"77","Bereke 89","Асар микрорайон, 120/4"
"78","Bis","Аманжолова, 60"
"79","City Market","Туркестан, 106/1, 1 этаж"
"80","COCA COLA","Жылкышиева, 182/2"
"81","Daiana","Нурсат 2 микрорайон, 20, 1 этаж"
"82","Dala fruit","Байтурсынова, 102, 1 этаж"
"83","Dana","Машат, 38/2"
"84","DELOS","Майлы Кожа, 202а, 1 этаж"
"85","Diana","Интернациональная, 60/1, 1 этаж"
"86","Dostar","Отырар микрорайон, 12/7"
"87","Eldos","18-й микрорайон, 19"
"88","Ernur","Республики проспект, 10, 1 этаж"
"89","FAMILY","Алматинская трасса, 13/1"
"90","Fariza","Аль-Фараби, 168"
"91","Firkan","16-й микрорайон, 43/1"
"92","Firkan","Толе би, 39а"
"93","GORILLA","Желтоксан, 114, 1 этаж"
"94","JADI","Айтымбет улы, 10"
"95","Jansaia","Восток микрорайон, 41/1"
"96","Jasur","Сатыбалдиева, 43/2"
"97","Juicy","Бау-бакша проезд, 2"
"98","LEMON","Рыскулова, 359/7"
"99","MADI","Аргынбекова, 65/1, 1 этаж"
"100","Magaz","Казыбек Би, 49"
"101","Martobe","Жибек жолы, 9/4, 1 этаж"
"102","MEDIA","Тыныбаева, 21"
"103","Miras","Байтурсынова, 88/1, 1 этаж"
"104","Nazik","Еламан, 94/3а"
"105","Nesibeli","Тамерлановское шоссе, 202, 1 этаж"
"106","NIX","Север микрорайон, 34, 1 этаж"
"107","№44","Гагарина, 44, 1 этаж"
"108","Nur Tabys","Айдын, 130"
"109","Nursaia","Астана микрорайон, 87, 0 этаж"
"110","OKEY","Ибрагим ата, 113/37, 1 этаж"
"111","Qanag’at","Арайлытан, 541"
"112","Qanagat","Байтурсынова, 206/1"
"113","QANAGAT","Толе би, 20/8"
"114","Qarashash Ana","Туганбай Алпысбаева, 1/2"
"115","Rahat","Сатыбалдиева, 22"
"116","RICH","17-й микрорайон, 16а/3"
"117","Royal","Диваева, 129, 1 этаж"
"118","SALIMA","17-й микрорайон, 8/1"
"119","SAMRUKOIL","Байдибек би проспект, 130/6"
"120","SARA","Юсупова, 36"
"121","Sayram","Ибрагим ата, 259/2"
"122","Shahruh","Айбергенова, 5/7"
"123","Sher","Амира Тимура, 41а"
"124","SNICKERS","Чайковского, 58"
"125","START","Дулати, 133а, 1 этаж"
"126","Ta-Di","Нурлыбаева, 22/1"
"127","Unikassa","Нурсат микрорайон, 39/2"
"128","Urbibi marketi","Тамерлановское шоссе, 21, 1 этаж"
"129","Yalihan","Рыскулбекова, 5/5, 1 этаж"
"130","zenit","Момынова, 90/1"
"131","А & К","Арайлытан, 166"
"132","А? Бастау","Турсынкул Утегенова, 7/5, 1 этаж"
"133","А? Боса?а","Бауыржан Момышулы проспект, 20а, 1 этаж"
"134","А? Дастархан","Тауке Хана проспект, 33, 1 этаж"
"135","А? Жар?ын","Елшибек батыра, 97"
"136","А? Желкен","Аль-Фараби площадь, 1Б/2, 1 этаж"
"137","А? жол","Маншук Маметовой, 20а/1, 1 этаж"
"138","А? кеме","Кошерова, 63, 1 этаж"
"139","А? Маржан","Иргелес, 161/2"
"140","А? тілек","Диваева, 142Б/1"
"141","А?-?айын","Исмаилова, 24, 1 этаж"
"142","А?-?айын-2","Астана микрорайон, 90, цокольный этаж"
"143","А?-?Й","Бауыржан Момышулы проспект, 5, 1 этаж"
"144","А?-Ерке","Шокана Уалиханова, 4/1"
"145","А?-ЖАЙЫ?","Талдыколь, 1/1"
"146","Ақ-ниет","18-й микрорайон, 5, 1 этаж"
"147","А?б?ла?","Юсупова, 10/1"
"148","А?бастау","Акбастау, 258/1"
"149","А?БАЯН","Гагарина, 44/1, 1 этаж"
"150","А?бота","Сайрам микрорайон, 7, 1 этаж"
"151","А?ерке","Гагарина, 102, 1 этаж"
"152","А?ерке","Шамши Калдаякова, 1/27а"
"153","А?жан","Шамши Калдаякова, 2/5, 1 этаж"
"154","А?жол","Дауренбека Курманбекова, 96/1"
"155","А?жуніс","Баянаул, 31/1"
"156","А?маржан","Тилеулес, 2"
"157","А?ниет","Айбергенова, 5а, 1 этаж"
"158","А?ЫЛ","Камытбек Мамешов, 1/1"
"159","А?ыл","Алматинская трасса, 9/4, 1 этаж"
"160","А66","Амангельды, 66/1, 1 этаж"
"161","Абiлхаир","Есенова, 1/9"
"162","Абай","Спортивный микрорайон, 15/1"
"163","Абай","4-й микрорайон, 19/1"
"164","АББАС","Капал батыра, 54а/1"
"165","АББАС АТА","Аль-Фараби, 155"
"166","АБДУКОСИМ АТА","Юсуфа Сареми, 5/4"
"167","Абдулазиз","Алга, 2/2"
"168","Абдулазиз","Алга, 2/4"
"169","Абдулла ата","Молдабаева, 29"
"170","Абдупаттах ата","17-й микрорайон, 20, 1 этаж"
"171","Абдурахман","Север микрорайон, 64, 1 этаж"
"172","Абдурахман ата","Камысты, 75а"
"173","Абдурахман Ата","Ергеш ата Исраилова, 26"
"174","Абдусамат","Абзал, 9/2"
"175","Абен","Елшибек батыра, 118, 1 этаж"
"176","АБЗАЛ","Сапак датка, 7/3"
"177","Абзал","Сулейменова, 19/2"
"178","Абзал","Куртаева, 3/3"
"179","АБЗАЛ","Асар микрорайон, 1/5"
"180","АБК","1 Мая, 22а, 1 этаж"
"181","Абылайхан","Толе би, 23, 1 этаж"
"182","АБЫЛАЙХАН","Асар микрорайон, 1892"
"183","Аврора","Крейсера Авроры, 26/1, 1 этаж"
"184","Аврора","Алдиярова, 12г, 1 этаж"
"185","Автострахование","Достык микрорайон, 3/1, 1 этаж"
"186","Агабай ата","Ташенова, 36"
"187","Адал","Ауэзова, 49Б"
"188","Адей","Тамерлановское шоссе, 40/2"
"189","Аделя","Толе би, 39а"
"190","Адема","Хабира Пазикова, 108а/1, 1 этаж"
"191","Адил","Тамерлановское шоссе, 71/1"
"192","Адил","Айтымбет улы, 22"
"193","АДИНА","Акпан батыра, 120, 1 этаж"
"194","Адиш","Балтабай Нурлыбекова, 2373Б"
"195","АЖАР","Торекулова, 195/3, 1 этаж"
"196","АЗАМАТ","Шокана Уалиханова, 192/1"
"197","Азамат","Аккараган, 32а"
"198","АЗАМАТ","Куртаева, 29"
"199","Азамат","Орынбаева, 13/1"
"200","Азамат","Тамерлановское шоссе, 1а/8"
"201","Азамат","Жиделибайсын, 42"
"202","АЗАМАТ","Ашира Едилбаева, 177, 1 этаж"
"203","Азат","Чехова, 22"
"204","Азат","Сапарбаева, 168/1"
"205","Азат","Жиделибайсын, 90/4"
"206","АЗАТ","Северо - Запад микрорайон, 435"
"207","Азат и К","Аскарова, 24, 1 этаж"
"208","Азем","Октябрьская, 5, 1 этаж"
"209","АЗИЗ","Жангельдина, 3/1"
"210","Азиз","Абдыразакова, 6, 1 этаж"
"211","Азиз","Ергеш ата Исраилова, 32/2"
"212","Азиза","Темирказы, 5"
"213","Азиза","Интернациональная, 100"
"214","Азиза","Адильбек Керимше, 71, 1 этаж"
"215","АЗИЗА","Володарского, 7, 1 этаж"
"216","Азиза","Абдраймова, 41"
"217","Азико","Аскарова, 32, 1 этаж"
"218","Азия","Суворова, 4а"
"219","Аида","Бокейханова, 864, 1 этаж"
"220","Аида","4-я, 5/1"
"221","Аида","Шокана Уалиханова, 213в, 1 этаж"
"222","Аида","Нурсултана Назарбаева проспект, 46, 0 этаж"
"223","Аиша","Тауке Хана проспект, 65/1"
"224","Аия","Торекулова, 218/1"
"225","АЙ АРУ","Республики проспект, 16"
"226","Ай_Ару","Тамерлановское шоссе, 46"
"227","Ай-Асыл","Дулати, 127"
"228","Ай-Дина","Алии Молдагуловой, 12, 1 этаж"
"229","Ай-Сара","Алматинская трасса, 36/1, 1 этаж"
"230","Айару","Жангельдина, 5а, 1 этаж"
"231","Айару","Абдраймова, 3/1"
"232","Айарум","Акназар Хан, 56/1, 1 этаж"
"233","Айбар","Ертана Болганбаева, 2"
"234","Айбар","Ашира Едилбаева, 5/8"
"235","Айбек","Север микрорайон, 44, 1 этаж"
"236","Айбек","Узбекская, 33/1"
"237","Айг?л","Айдын, 21/2"
"238","Айгерим","Рыскулбекова, 8/1, 1 этаж"
"239","АЙГЕРИМ","Рахимова, 15/1"
"240","Айгерім","Гагарина, 34а"
"241","Айгерім","Север микрорайон, 48/1"
"242","Айгерім","Еримбетова, 36/1"
"243","Айгул","Жандарбекова, 84"
"244","Айгуль","16-й микрорайон, 17/1"
"245","Айгуль","Тамерлановское шоссе, 24/2"
"246","Айгуль","Тауке Хана проспект, 95а"
"247","Айдан","Тауке Хана проспект, 226"
"248","Айдана","Аймаутова, 57а"
"249","Айдана","Алаколь, 48/1"
"250","Айдана","Аль-Фараби, 264/1"
"251","Айдарбек","Шардара, 43а"
"252","Айдос","Шокана Уалиханова, 223Б/1, 1 этаж"
"253","Айдос","Гагарина, 124, 1 этаж"
"254","Айжан","Сайрам микрорайон, 9/1"
"255","Айжан","Абая проспект, 12а/1, 1 этаж"
"256","Айжан","Махмудова, 77/1, 1 этаж"
"257","Айжан ана","Абдразакова, 7/1"
"258","АЙЖАР?ЫН","Жандарбекова, 84/2"
"259","Айзада","Амира Тимура, 152а/2"
"260","Айзада Ана","Тайманулы, 2а/8"
"261","Айзере","Каскабаева, 20"
"262","Айида","4-й микрорайон, 17, 1 этаж"
"263","Айка","Отырар, 19"
"264","Айкерим","Шымбулак, 1/4"
"265","Айлин","Нижний отырар микрорайон, 10 ст54, 1 этаж"
"266","Айлин","Мунайтпасова, 169"
"267","АЙМАН 24 САГАТ","Жангельдина, 28а, 0 этаж"
"268","Айман-Шолпан","8-й микрорайон, 4/1"
"269","Айн?р","Жангельдина, 12в/1"
"270","Айн?р","Акназар Хан, 1, 1 этаж"
"271","Айн?р","Жандарбекова, 142/1"
"272","АЙНА","Камысты, 45/1"
"273","Айна","Шокана Уалиханова, 213/13, 1 этаж, 32 бутик"
"274","Айнаш","Жибек жолы, 1/12"
"275","Айнаш","Жастык, 2/2, 1 этаж"
"276","Айнур","16-й микрорайон, 42"
"277","Айнур","Жанатурмыс, 1/1"
"278","Айнур","Таубалытас, 1/2"
"279","Айран-Шейх","Гани Иляева, 31/2"
"280","Айс?лтан","Тулпар, 10/1"
"281","Айсана","Дауренбека Курманбекова, 69/1"
"282","Айсана","Север микрорайон, 25, 1 этаж"
"283","Айсу","Рыскулова, 1, 1 этаж"
"284","Айсултан","Шаяхметова, 956/1"
"285","Айсултан","Ахметова, 32/1"
"286","Айсулу","Токаева, 11, 1 этаж"
"287","Айтгул","Шардара, 1/8"
"288","Айшак?л-ана","Макталы, 27/1"
"289","Айшан?р","Сейитова, 89/1"
"290","Айя","Стадионная, 2, 1 этаж"
"291","Ак","Амира Тимура, 262/6"
"292","Ак Дастархан","Казыбек Би, 29, 1 этаж"
"293","АК ЖАЛ","Ибрагим ата, 281"
"294","АК НИЕТ","Диваева, 122, 1 этаж"
"295","Ак-Ниет","Карасу микрорайон, 66/3"
"296","Акация","Жартас, 26"
"297","Акбар","Менделеева, 45"
"298","Акбар","Амира Тимура, 297/2, 1 этаж"
"299","Акберен","Север микрорайон, 44, 1 этаж"
"300","Акбота","Кок сай 1 микрорайон, 336/1"
"301","АКВЕДУК","Капал батыра, 6/8"
"302","Акерке","Айнабулак, 118/1"
"303","Акжол","Тастак, 122"
"304","Акжурек","Айбергенова, 3"
"305","Акку","Шокана Уалиханова, 215Б, 1 этаж"
"306","Акку","Нурсултана Назарбаева проспект, 22"
"307","АКМЫРЗА","Восток микрорайон, 12/1"
"308","АКНИЕТ","Раугаш, 1/1"
"309","Акниет","Сыздыкова, 3/1"
"310","Акпар","Север микрорайон, 24/1, 1 этаж"
"311","Акрам","Капал батыра, 10/1"
"312","Актам","Актам, 2/1"
"313","Ал-Ди-Ас","Сыпырган ата, 58, 1 этаж"
"314","Ала-Тау","Жасталап, 78/1"
"315","Алатау","Байтерекова, 1/1"
"316","АЛЕМ","Тауке Хана проспект, 99"
"317","Алем","Казына, 14"
"318","Ален","Байтурсынова, 88Б, 1 этаж"
"319","Ален","Ерманова, 13/1, 1 этаж"
"320","Али","Бекболатова, 93"
"321","Али","3-й микрорайон, 12а"
"322","Али","Жандосова, 215"
"323","Алибек","18-й микрорайон, 45, 1 этаж"
"324","АлиЖас","Кожанова, 22"
"325","Алима","Толе би, 22а"
"326","Алима Апа","Гулдала, 615/2"
"327","Алимжан ата","4-й микрорайон, 14/1"
"328","Алина","Зердели, 1а, 1 этаж"
"329","Алина","Шокана Уалиханова, 233а, 1 этаж"
"330","Алинур","Астана микрорайон, 71"
"331","Алинур","Нурсултана Назарбаева проспект, 39, цокольный этаж"
"332","Алихан","Бауыржан Момышулы проспект, 52/1"
"333","АЛИХАН","Гани Иляева, 326/1"
"334","Алихан","Ашира Едилбаева, 3/2"
"335","Алихан","Нурсат 2 микрорайон, 23а, 1 этаж"
"336","Алишан","Махмудова, 28, 1 этаж"
"337","АЛИШЕР","Казына, 2"
"338","АЛИШЕР","Курбан ата, 67/3"
"339","Алия","Тамерлановское шоссе, 236/16"
"340","Алия","Аскарова, 7/3, 1 этаж"
"341","Алия","Сайрам микрорайон, 13г, 1 этаж"
"342","Аллах верды","Спатаева, 49/2"
"343","Алма","Гажайып, 22Б"
"344","Алмас","Ермекбаева, 23/1"
"345","АЛМАС","Ескендерова, 11/36"
"346","Алмас","Ашира Едилбаева, 65"
"347","Алмас","Рыскулова, 26/1"
"348","Алмас","Аль-Фараби, 164/1"
"349","Алмат","Кошерова, 5/6"
"350","АлН?р","Уркимбаева, 15, 1 этаж"
"351","АлНур","Темирказы, 19/1, 1 этаж"
"352","Алтын Алма","Макталы, 127"
"353","Алтын Балы?","Аймаутова, 80, 1 этаж"
"354","Алтын Д?н","Алматинская трасса, 6/5"
"355","Алтын к?з","Республики проспект, 8/2, 1 этаж"
"356","Алтын Сам?ры?","Тамерлановское шоссе, 144а, 1 этаж"
"357","Алтын-Алма","3-й микрорайон, 2а, 1 этаж"
"358","Алтынай","Тауке Хана проспект, 249"
"359","Алтынай","Мангельдина, 33, 1 этаж"
"360","Алтынай","Айбергенова проезд, 5, 1 этаж"
"361","АЛТЫНАЙ","16-й микрорайон, 5, 1 этаж"
"362","Алтынай","Север микрорайон, 7, 1 этаж"
"363","Алтынкул ана","Шокана Уалиханова, 192а/1"
"364","Алуа","Лихачёва проезд, 24а"
"365","Алуа","Шойынбаевой, 1/2"
"366","АЛЬ БАРАКА","Юсуфа Сареми, 9/3"
"367","Аль Мансур","Жибек жолы, 2/1, 1 этаж"
"368","Альтаир","Джусупова, 4, 1 этаж"
"369","Альтаир","Интернациональная, 125"
"370","Амангелді","Мейырбекова, 26/1, 1 этаж"
"371","Амина","Рыскулбекова, 50а"
"372","АМИНА","Абая проспект, 33Б/1"
"373","Амур Темур","Амира Тимура, 225а"
"374","Анар","Байтурсынова, 20/4, 1 этаж"
"375","АНАР","Баян батыра, 65/1"
"376","Анар","Жибек жолы, 30, 1 этаж"
"377","АНЕЛЬ","Клары Цеткин, 188/1"
"378","Анель","Республики проспект, 14, 1 этаж"
"379","Анеля","Байдибек би, 59"
"380","Анеля","Аскарова, 39/1"
"381","Аниса","Толе би, 12а, 1 этаж"
"382","Анна","Нахимова, 2/1"
"383","Ансар","Естемес би, 3077"
"384","Анталья","18-й микрорайон, 22а"
"385","Антилопа","Абая проспект, 22/1"
"386","Анюта","Рыскулова, 2/4"
"387","Ар-Райан","Мадели Кожа, 48/12, 1 этаж"
"388","АРАЙ","Айтеке би, 1/14, 1 этаж"
"389","Арай","Есил, 3/1"
"390","Арай","Гагарина, 117, 1 этаж"
"391","Арай","Жусанды, 52/1"
"392","Арай","Жибек жолы, 1/3"
"393","Арай 2","Тамерлановское шоссе, 30/1"
"394","Арайлым","Жангельдина, 12в/2"
"395","Арайлым","Нурсат микрорайон, 132, 1 этаж"
"396","АРАЙЛЫМ","4-й микрорайон, 5/1"
"397","Арайлым","Сасбукаева, 32, 1 этаж"
"398","Арайлым","Айдарлы, 1/2"
"399","Арайлым","Талдыколь, 123/1"
"400","Арайлым","Талдыколь, 123/1"
"401","Арасан","Кабанбай батыра проспект, 1"
"402","Аргос","Тауке Хана проспект, 330/4"
"403","Арзан","Жангельдина, 32, 1 этаж"
"404","Арзан","Алимбетова, 290/1"
"405","Арзан","Дербес, 1/9"
"406","Арзан","Арасан, 45/6"
"407","АРЗАН","Нурсат микрорайон, 118, 1 этаж"
"408","Арзан","Республики проспект, 46а, 1 этаж"
"409","АРЗАН","Нурсултана Назарбаева проспект, 36, 0 этаж"
"410","АРЗАН","Жибек жолы, 34"
"411","Арзан","Алии Молдагуловой, 17/1"
"412","Арзан","Акбосага, 760, 1 этаж"
"413","Арзан-2","Тиршилик, 1/2"
"414","Арзу","Спатаева, 74а"
"415","АРЗУ","Тажибаева, 79"
"416","АРЗУ","Юсуфа Сареми, 39/5"
"417","Арман","Асар микрорайон, 10/1"
"418","Арман","Желтоксан, 26/1"
"419","Арман","Жангельдина, 30, 1 этаж"
"420","АРМАН","Нурсат микрорайон, 39, 1 этаж"
"421","Арман","Хан Танири, 70"
"422","Арман","Теспе, 28"
"423","Арман","Байтулы Баба, 7, 1 этаж"
"424","Арман","Шокана Уалиханова, 3/13"
"425","АРМАН","Новостройка, 622/1"
"426","Арсен","Зере, 1/3"
"427","Арсен","Бексеита Тулкиева, 1/1"
"428","Арсен","Ак Биик, 1/1, 1 этаж"
"429","Арслан","Восток микрорайон, 24/1"
"430","Арслан","Акбастау, 63/1"
"431","Артаза","Байтурсынова, 79, 1 этаж"
"432","Аружан","Адырбекова, 22"
"433","Аружан","Байтурсынова, 79/4"
"434","Аружан","Восток микрорайон, 45, 1 этаж"
"435","Аружан","Абая проспект, 23, 1 этаж"
"436","Аружан","Гагарина, 206/2"
"437","АРУЖАН","Айбергенова, 5а/1"
"438","Аружан","Айшыкты, 16/3"
"439","Аружан","Балбулак, 20/1"
"440","АРУЖАН","Восток микрорайон, 96"
"441","Аружан","Алматинская трасса, 11/1, 1 этаж"
"442","Аружан","1 Мая, 27, 1 этаж"
"443","Аружан","Кандоз, 10"
"444","Аружан","Искакова, 1/9, 1 этаж"
"445","Аружан","Бабашулы, 46"
"446","Аруна","Акбастау, 1/1"
"447","Арыс","193-й квартал, 021"
"448","Ас- Нур","Асар 2 микрорайон, 2/1"
"449","АС?АР","Талдыколь, 60"
"450","Ас?ар Тау","Бауыржан Момышулы проспект, 184/1, 1 этаж"
"451","АСАДБЕК","Макаренко, 7/1"
"452","АСАР-2","Сырым батыра, 171/1"
"453","Асел","Республики проспект, 17/1"
"454","Асел","Кутузова, 23/1"
"455","АСЕЛ","Аскарова, 38/1, 1 этаж"
"456","Асел","Володарского, 1а, 1 этаж"
"457","Асел","Ибрагим ата, 118/1, 1 этаж"
"458","Асель","Круговой, 2/1, 1 этаж"
"459","Асель","Торекулова, 222/1"
"460","Асель","Землячки, 2"
"461","Асель","Каламбаева, 76"
"462","Асель","Тайманулы, 2а/1"
"463","Асем","Жангельдина, 12г, 1 этаж"
"464","Асем","Макталы, 131"
"465","Асем","Восток микрорайон, 96"
"466","АСЕМ","Нурсат микрорайон, 117, 1 этаж"
"467","Асем-ай","Бабыра, 70"
"468","Асемгул ана","Аркалык, 30"
"469","АСИЯ","Бахриза Рамиза, 73"
"470","АСК","Терешковой, 50а, 1 этаж"
"471","Аскер","Кажи Алмахан, 116/1"
"472","Аслан","Айбергенова, 71а/2"
"473","АСЛАН","Камытбек Мамешов, 26/1"
"474","Аслан","Чайковского, 92"
"475","Аслан","Тамерлановское шоссе, 40, 1 этаж"
"476","АССОРТИ","Шилменбетова, 9а"
"477","Ассорти","Сайрамская, 122/1"
"478","Ассорти","Абдраймова, 11/1"
"479","Ассорти","Желтоксан, 4, 1 этаж"
"480","Астана","Спортивный микрорайон, 1/1"
"481","АСТАНА","Жандарбекова, 101"
"482","Астана","18-й микрорайон, 45/2"
"483","Асхат","Рашидова, 27, 1 этаж"
"484","Асхат","Айбергенова, 5, 1 этаж"
"485","Асыл-ай","Елшибек батыра, 35/1"
"486","Асылжан","Таубалытас, 68/1"
"487","АСЫЛЖАН","Ташенова, 4/1, 1 этаж"
"488","Ася","17-й микрорайон, 12, 1 этаж"
"489","Ата","Байдибек би проспект, 960"
"490","АТАБЕК","Амангельды, 90/1"
"491","Атаман","Республики проспект, 41, 1 этаж"
"492","АТАМЕКЕН","Север микрорайон, 3/4"
"493","Атамекен","Джусупова, 20/1"
"494","АТАМЕКЕН","Абая проспект, 33а/1"
"495","АТАМЕКЕН","Нурсат микрорайон, 2/1"
"496","АТАМЕКЕН","18-й микрорайон, 47/1"
"497","АТАМЕКЕН","Нурсат микрорайон, 39/2"
"498","АТАМЕКЕН","18-й микрорайон, 4/5 киоск"
"499","АТАМЕКЕН","Жангельдина, 12/1"
"500","АТК","Сасбукаева, 32, 1 этаж"
"501","АТК","Байдибек би проспект, 84"
"502","Атхам","Аль-Фараби, 147, 1 этаж"
"503","Ахан ата","Анарова, 10Б, 1 этаж"
"504","Ахмед","Алии Молдагуловой, 1/1"
"505","АХМЕТ АТА","Алпамыс батыра, 1/4"
"506","Аэлина","Байтиленова, 35, 1 этаж"
"507","Аю","Турген, 5/1"
"508","Аяжан","Аргынбекова, 7/7"
"509","Аяжан","Тамерлановское шоссе, 4/1, 1 этаж"
"510","Аяжан","Жангельдина, 26, 1 этаж"
"511","АЯЖАН","Космекен, 2/1"
"512","Аяла","Туркестанская, 6, 1 этаж"
"513","Аян","Спортивный микрорайон, 23, 1 этаж"
"514","Аян","Сайрам микрорайон, 27/2, 1 этаж"
"515","Аяна","Байтурсынова, 75"
"516","Аяна","Тулпар, 1/5"
"517","Аяна","Жангельдина, 15/9, 1 этаж"
"518","Аянат","Камытбек Мамешов, 30/1"
"519","Аят","Сейфуллина, 1"
"520","Аят","Жибек жолы, 134, 1 этаж"
"521","АЯУЛЫМ","Муратбаева, 71/1"
"522","Аяулым","Нурсултана Назарбаева проспект, 45, цокольный этаж"
"523","Аяулым","Тогайбека Ташмуханбетова, 59"
"524","Аяш","Канагат, 34/1"
"525","Б?кір Ерлан","Аймаутова, 143/1, 1 этаж"
"526","Б?кір Марат","Аймаутова, 143/1, 1 этаж"
"527","Ба?-К?т","Кабанбай батыра проспект, 18, 1 этаж"
"528","Ба??он","Кенесарина, 21/1, 1 этаж"
"529","Ба?д?улет","Тайманулы, 1г/3"
"530","Ба?д?улет","Нурсат микрорайон, 155, 1 этаж"
"531","Ба?даулет","Север микрорайон, 63, 1 этаж"
"532","БА?ЖАН","Еламан, 1/1"
"533","Ба?жан","Алга, 2/1"
"534","БА?КЕЛДІ","Кок сай 3 микрорайон, 307, 1 этаж"
"535","Ба?тияр","Север микрорайон, 24/2"
"536","Ба?тияр","Балкыбекова, 499"
"537","БА?ЫТК?РІМ","Гагарина, 32, 1 этаж"
"538","Багдад","Арасан, 2/1"
"539","Базарбай Ата","Косдиирмен, 33/1, 1 этаж"
"540","Базет","4-й микрорайон, 15а"
"541","Бай?али","Айша биби, 42/1"
"542","БАЙЖИГИТ","Северный жилмассив, 128/8"
"543","Байназар","Володарского, 2/11, 1 этаж"
"544","Байназар","Кошкар-ата, 1/1"
"545","Байназар-2","Жандосова, 21а, 1 этаж"
"546","Байрух","Восток микрорайон, 39, 1 этаж"
"547","Байсал Ата","Абдразакова, 7/5"
"548","БАЙТЕРЕК","Карасу микрорайон, 40, 1 этаж"
"549","Бак-Нур","Айбергенова проезд, 3, 1 этаж"
"550","Бакалея","Байтурсынова, 81, 0 этаж"
"551","Бакдаулет","Мамытова, 1/1"
"552","БАКЕ","Изгилик, 4720"
"553","Бакытжан","Жибек жолы, 87"
"554","Балапан","Назармат Ерметова, 80/1"
"555","БАЛАУСА","Акорда, 10/2, 1 этаж"
"556","Балауса","Карасу микрорайон, 26/1, 1 этаж"
"557","Балауса","Байзакова, 39"
"558","Балдаурен","Акбастау, 22/1"
"559","Балды-Су","Шокана Уалиханова, 202, 1 этаж"
"560","Балдырган","Жибек жолы, 17/2"
"561","Балдырган","Алпысбаева, 101/1, 1 этаж"
"562","БАЛЖАН","Бакытты, 71/1, 1 этаж"
"563","Балжан Ана","Адырбекова, 4, 1 этаж"
"564","Балн?р","Сайрам микрорайон, 32, 1 этаж"
"565","Балн?р","17-й микрорайон, 17/1, 1 этаж"
"566","Балтабай","Бадамская, 1/4"
"567","Балы?","Алматинская трасса, 25/1"
"568","Балым","Инкардария, 252"
"569","БАМ","Полярная, 1/1"
"570","Бану","Домалак ана, 42"
"571","Бану","Мустафа Озтурука, 54/1"
"572","Бану","Новостройка, 4"
"573","БАРАКАТ","Жансугурова, 81/1, 1 этаж"
"574","Барыс","Кабанбай батыра проспект, 13а/1"
"575","Бастау","Коктобе, 5/1"
"576","БАТЫР","Алибекова, 85/1"
"577","Баум","Гагарина, 283"
"578","БАУЫРЖАН","Отырар микрорайон, 40/2"
"579","Бауыржан","Тауке Хана проспект, 65"
"580","Бахтияр","Юсуфа Сареми, 11/14, 1 этаж"
"581","Бахты Карим","Куаныш Толеметова, 1/7"
"582","Баян","Баян батыра, 129/1"
"583","Баян","Володарского, 2а, 1 этаж"
"584","Бегали","Акбаева, 225/1"
"585","Бей-арс","Жолдасбекова, 53/1"
"586","Бейбарыс","Айдарлы, 3/1"
"587","Бек","Есенова, 1/4, 1 этаж"
"588","Бек","Искакова, 1/6"
"589","БЕК","Амира Тимура, 154/2"
"590","Бек-Апа","Амирбекова, 88/1"
"591","Бек-Тас","Макталы, 17/1, 1 этаж"
"592","БЕКАРЫС","Алматинская трасса, 22/2"
"593","Бекет","Отырар, 128/2"
"594","Бекет","Жибек жолы, 56/1"
"595","Бекжан","16-й микрорайон, 8/1"
"596","Бекжан","Юсупова, 13/1"
"597","Бекжан","Гагарина, 135"
"598","БЕКЗАД","Дауылова, 4, 1 этаж"
"599","БЕКМУРАТ","17-й микрорайон, 11а/1"
"600","Бекназар","Балдырган, 30а/1"
"601","Бекнур","Жамалбека Шаймерденова, 249"
"602","Бекнур","Макталы, 58"
"603","Бексултан","Сарбаздар, 6а, 1 этаж"
"604","БЕЛЕС","Турсынкул Утегенова, 1621, 1 этаж"
"605","Бен","18-й микрорайон, 19/1"
"606","Березка","Восток микрорайон, 31/6, 1 этаж"
"607","Береке","Мамытбека Сматлаева, 23"
"608","БЕРЕКЕ","Алпамыс батыра, 2/3"
"609","Береке","Нурсат микрорайон, 163, 1 этаж"
"610","Береке","Адырбекова, 2Б"
"611","Береке","Байтурсынова, 76/1"
"612","Береке","17-й микрорайон, 19/1, 1 этаж"
"613","Береке","Карасу микрорайон, 22/1"
"614","Береке","Шаттык, 7/4"
"615","Береке","Асар микрорайон, 1473, 1 этаж"
"616","Береке","Нурсат 2 микрорайон, 15а, 1 этаж"
"617","Береке","Байдибек би проспект, 22а"
"618","БЕРЕКЕ","Кайтпас 2 микрорайон, 249"
"619","Береке","Ташенова, 108/9, 1 этаж"
"620","Береке","Алпысбаева, 94"
"621","БЕРЕКЕ","Алтын Гасыр, 37"
"622","Береке","Нурсат микрорайон, 89, 1 этаж"
"623","Береке","Алматинская трасса, 13/13"
"624","Береке","Тамерлановское шоссе, 24а/1"
"625","БЕРЕКЕ","Бейбитшилик, 6/2, 1 этаж"
"626","Береке","Курылыс, 5/5"
"627","БЕРЕКЕ","Жандарбекова, 137"
"628","Береке","Саттарханова, 35/1"
"629","Береке","8-й микрорайон, 17а, 1 этаж"
"630","Береке","Есенберлина, 13, 1 этаж"
"631","Береке","Мелдеходжаева, 52/1"
"632","БЕРЕКЕ","Шугыла, 94"
"633","Береке","Толе би, 39а"
"634","Береке","Бозтоган, 1/3"
"635","Береке","Байтурсынова, 17/2, 1 этаж"
"636","Береке","18-й микрорайон, 10/1"
"637","Береке","Фазыл Куралбайулы, 49/2"
"638","Береке","Дулатова, 31/1"
"639","Береке","Желтоксан, 240, 2 этаж"
"640","Береке","Север микрорайон, 58/1"
"641","Береке","Жиделибайсын, 73, 1 этаж"
"642","Береке","Досмухамедова, 10/1, 1 этаж"
"643","Береке","Асар микрорайон, 1/7, 1 этаж"
"644","Береке","Тарбагатай, 5/1"
"645","Береке","Рыскулбекова, 5/5, 1 этаж"
"646","Береке","Азаттык, 4"
"647","Береке","Байтурсынова, 73"
"648","Береке","Карабура аулие, 2/2"
"649","Береке","Сурикова, 5, 1 этаж"
"650","Береке ет","Куаныш Толеметова, 69/10"
"651","Берекет","Шокана Уалиханова, 1/1, 1 этаж"
"652","БЕРЕН","Сырым батыра, 167"
"653","Берік","Амангельды, 1/1"
"654","БЕРІК","Жанкожа батыра, 36/1"
"655","Берік","Восток микрорайон, 89, 1 этаж"
"656","Беркат","Карасу микрорайон, 58"
"657","Беркут","Аль-Фараби, 168"
"658","Бес ж?лдыз","192-й квартал, 359/18"
"659","БИБИ-АЙША","18-й микрорайон, 18, 1 этаж"
"660","Биік","Аль-Фараби, 179/2"
"661","Биржан","Кошерова, 6/2"
"662","Биржан","Сыпырган ата, 22"
"663","Бистро","Рыскулбекова, 1в, 1 этаж"
"664","Бит?ре","Гагарина, 6"
"665","Бірлік","Жамалбека Шаймерденова, 5/1, 1 этаж"
"666","Божбан","Айтеке би, 39а/3"
"667","Болат","Володарского, 17/1"
"668","БОЛАША?","Жибек жолы, 581/2"
"669","БОНУ","Юсуфа Сареми, 11/2"
"670","Боранкул ана","Кызылсу, 28"
"671","Бордо","Бейбитшилик, 20, 1 этаж"
"672","БОРЗ","Карасу микрорайон, 12"
"673","Бота","Туркестанская, 2/5, 1 этаж"
"674","Ботак?з","Светофорный проезд, 8/1"
"675","БУЛОЧНАЯ","Шокана Уалиханова, 219, 1 этаж"
"676","БУЛОЧНАЯ","Толе би, 20в, 1 этаж"
"677","Бутик 61","Рашидова, 55, 1 этаж"
"678","Валентина","Абдыразакова, 10/1"
"679","Вахаб Ата","Кунбатыс, 100"
"680","Вахаб ата","Юсуфа Сареми, 1/7"
"681","Венера","Каратюбинское шоссе, 69"
"682","Ветерок","Алдиярова, 66/1"
"683","Виктор+","Республики проспект, 25а"
"684","Виктория","Шопена, 56"
"685","Виктория","Тажибаева, 189"
"686","Витязь","Шокана Уалиханова, 244"
"687","Восток","Восток микрорайон, 33, 1 этаж"
"688","Восток","Восток микрорайон, 42, 1 этаж"
"689","Восхождение","Алимбетова, 199, 1 этаж"
"690","Г?л","Сайрамская, 165/1"
"691","Г?лн?р","Казиева, 152/7"
"692","Габит","Аймаутова, 23"
"693","Гайрат","Жамалова, 4/6"
"694","Галия","Асылбекова, 51/1"
"695","Гараж","Байтурсынова, 6/1"
"696","Гараж","Бабыра, 100"
"697","Гарант","Дулати, 8, 1 этаж"
"698","Гастроном","Республики проспект, 43а"
"699","ГАУ?АР ТАС","Мамыражай, 12/2"
"700","Гаухар","Отырар микрорайон, 10/1"
"701","Гаухар","Дулати, 97/1"
"702","Гаухар","Туркестанская, 2/5а"
"703","Гаухар","Суюнбая, 19/1"
"704","Гаухар","Шокана Уалиханова, 3а/1"
"705","ГАУХАР ТАС","Республики проспект, 2а/1"
"706","Гезаль","Тауке Хана проспект, 95/7"
"707","Гиязжан","Шамши Калдаякова, 97"
"708","Гранд","Дулати, 148/1, 1 этаж"
"709","Гука","Сайрамская, 163/3"
"710","Гул Асем","Карасу микрорайон, 54, 1 этаж"
"711","Гул-Ислам","Есенберлина, 13, 1 этаж"
"712","Гулбахор","Сман Азимова, 146/1"
"713","Гулдаригаханым","Турсынбаева, 32а"
"714","Гулдер","Кошерова, 96/2"
"715","Гулдер","Жангельдина, 5а, 1 этаж"
"716","Гулжаухар","Торекулова, 258/1"
"717","ГУЛНАЗ","Отырар микрорайон, 55/1"
"718","Гулназ","Муканова, 68/4"
"719","Гулнара","Север микрорайон, 67Б, 1 этаж"
"720","Гулсара","Каратас, 30"
"721","Гулсара","Жамбыл Жабаева, 159"
"722","Гулсым","Север микрорайон, 10"
"723","Гульнар","Акназар Хан, 51/1, 1 этаж"
"724","ГУЛЬНАР","Шамши Калдаякова, 2, 1 этаж"
"725","Гульнара","Кремлёвская, 54"
"726","Гульнара","Есенова, 44"
"727","Гульшар","Аймаутова, 143/1, 1 этаж"
"728","Гуля ?пше","Жангельдина, 14, 1 этаж"
"729","Д?м","16-й микрорайон, 5, 1 этаж"
"730","Д?мді","16-й микрорайон, 2, 1 этаж"
"731","Дән","Шокана Уалиханова, 225а/2"
"732","Д?урен","Бектаева, 52"
"733","Д?урен","Кошерова, 2/2"
"734","ДАҢҚ","Восток микрорайон, 17/1"
"735","Давлат","Матросова, 3, 1 этаж"
"736","Дадаш ата","Молдабаева, 95/1"
"737","ДаДи-1","Кенесарина, 4, 1 этаж"
"738","Дамир","Исмаилова, 17/1"
"739","Дамира","Республики проспект, 17, 1 этаж"
"740","Дамира","Республики проспект, 45, 1 этаж"
"741","Дамирис","Карасу микрорайон, 4а"
"742","Дана","Байырбек Садыкулы, 15/1"
"743","ДАНА","Акназар Хан, 46"
"744","ДАНА","Сырым батыра, 9а"
"745","Дана","Тайманулы, 2а/11"
"746","Дана","Адырбекова, 136, 1 этаж"
"747","Дана","Восток микрорайон, 32/1, 1 этаж"
"748","Дана","Байдибек би проспект, 20, 1 этаж"
"749","Данай","Тауке Хана проспект, 304, 1 этаж"
"750","Данеля","Шардара, 4/7"
"751","Даниял","Кабанбай батыра проспект, 2"
"752","Данияр","Жангельдина, 22"
"753","Данияр","Тамерлановское шоссе, 53Б/3"
"754","Дара","Еримбетова, 52/6"
"755","Дария","Карасу микрорайон, 23"
"756","ДАРМЕН","Ардагера, 1/1"
"757","Дархан","Бозтоган, 1/1"
"758","Дарын","Восток микрорайон, 2/1"
"759","Дастан","Абдыразакова, 4/1"
"760","Дастан","Тамерлановское шоссе, 40, 1 этаж"
"761","ДАСТАН","Омешулы, 73"
"762","ДАСТАН","Тамерлановское шоссе, 1/2г"
"763","Дастан","Алимбетова, 250"
"764","Дастархан","Алпысбаева, 84"
"765","Дастархан","Гагарина, 242"
"766","Дастархан","Жибек жолы, 32, 1 этаж"
"767","ДАСТАРХАН","Тамерлановское шоссе, 12/5"
"768","Дастархан","Шамши Калдаякова, 8, 1 этаж"
"769","Дауір","Алдиярова, 89/3"
"770","ДАУЛЕТ","Рашидова, 25в/1"
"771","Даулет","Нурымова, 69"
"772","ДАУЛЕТ","15-й микрорайон, 2/1"
"773","ДАУЛЕТ","Кабанбай батыра проспект, 12"
"774","Даулет","Ибрагим ата, 176а/4, 1 этаж"
"775","Даулет","Камбар батыра, 1/1"
"776","Даулет-Би","Восток микрорайон, 32, 1 этаж"
"777","Даулет-Би","Кожанова, 8/1, 1 этаж"
"778","Даурен","Спортивный микрорайон, 23, 1 этаж"
"779","Даурен","Гагарина, 26, 1 этаж"
"780","Даурен","Восток микрорайон, 15"
"781","Даурен","Туркестан, 57"
"782","ДДД","Север микрорайон, 11, 1 этаж"
"783","Дельфин","Терешковой, 25/5"
"784","Дельфин","Шмидта, 9, 1 этаж"
"785","Демир","Капал батыра, 74Б"
"786","Депо","Жансугурова, 40/2"
"787","ДИ-АЙС","Аль-Фараби, 47/1"
"788","Диа2","Жылкышиева, 17/1, 1 этаж"
"789","Диана","Изгилик, 2"
"790","Диана","Жибек жолы, 78/5"
"791","ДИАНА","Республики проспект, 38/1"
"792","Диана","Восток микрорайон, 42/1"
"793","Диана","Адильбек Керимше, 53"
"794","Диана","Махмудова, 21"
"795","Диана","18-й микрорайон, 8, 1 этаж"
"796","Диана","Отырар микрорайон, 60"
"797","Диас","Байтурсынова, 179/1, 1 этаж"
"798","Диас","Нурсат микрорайон, 93, 1 этаж"
"799","Диас","Нурсултана Назарбаева проспект, 51, 0 этаж"
"800","Диас","Бауыржан Момышулы проспект, 21, 1 этаж"
"801","Диера","Акпан батыра, 90/1"
"802","Диера","Жас казах, 10"
"803","Дилмиш Ата","Кошерова, 80/2, 1 этаж"
"804","ДИЛНОЗА","Аль-Фараби, 164"
"805","Дилшад","Алматинская трасса, 12/5"
"806","Дильбар","Амира Тимура, 76"
"807","Диля","Айтеке би, 45"
"808","Диля","Жумабекова, 91"
"809","Диляра","Шмидта, 12, 1 этаж"
"810","Дина","Север микрорайон, 55/1"
"811","Дина","Кабанбай батыра проспект, 11Б, 1 этаж"
"812","Динар","Дулатова, 98"
"813","Динар","Алии Молдагуловой, 4а/1, 1 этаж"
"814","Динара","Рыскулова, 5а/2"
"815","Динара","Казыбек Би, 133"
"816","Динара","Адильбек Керимше, 25/1"
"817","Динара","Нурлыбаева, 11/1"
"818","Динара","Жылкышиева, 200"
"819","Динара","Жибек жолы, 101/6"
"820","Динара","Гагарина, 107а, 1 этаж"
"821","Динара","Шокана Уалиханова, 243, 1 этаж"
"822","Динара","Шокана Уалиханова, 192/1"
"823","Динара","Аксуат, 2/1"
"824","Динара","Байтурсынова, 27"
"825","Динара","Гагарина, 49/2"
"826","Динара","Карасу микрорайон, 21"
"827","ДИНАРА","Капал батыра, 80/2"
"828","Динара","Астана микрорайон, 94, 0 этаж"
"829","Динур","Север микрорайон, 36/3, 1 этаж"
"830","Дио","Атасу, 7/1, 1 этаж"
"831","Дихан ата","Саттарханова, 94/1"
"832","ДИЯР","16-й микрорайон, 39, 1 этаж"
"833","ДИЯР","Коктем, 147"
"834","Ділміш-ата","Байтерекова, 118, 1 этаж"
"835","Дони","Спортивный микрорайон, 6/1, 1 этаж"
"836","Дос","16-й микрорайон, 3"
"837","Досан","Карасу микрорайон, 69/1"
"838","Достар","17-й микрорайон, 11а/1"
"839","Досты?","18-й микрорайон, 8"
"840","Достык","Бостан Алимбекова, 37"
"841","Достык","Тангышык, 12"
"842","Достык","Ергеш ата Исраилова, 139/2"
"843","Достык","Куаныш Толеметова, 1/3"
"844","Думан","Тасбулак, 1/2"
"845","Дыбыс","Орынбай акына, 97, 1 этаж"
"846","Дядя Миша","Бабыра, 13"
"847","Е? Арзан","Толе би, 20/10"
"848","Е? арзан","Аймаутова, 143/1, 1 этаж"
"849","Е?лiк","Нурсат 2 микрорайон, 23в, 1 этаж"
"850","Еламан","Уста-Махамата, 1/2, 1 этаж"
"851","ЕЛАР","Аскарова, 9, 1 этаж"
"852","ЕЛДОС","Айшыкты, 10/1"
"853","Елік-Ай","Алматинская трасса, 9/19"
"854","Елмурат","Казиева, 121/1, 1 этаж"
"855","Ер-Ай","Республики проспект, 25в/2"
"856","Ер-Н?р","Торекулова, 190/1"
"857","Ер-Нур","Нурсат микрорайон, 200/2"
"858","Ерасыл","Тамерлановское шоссе, 1а/3"
"859","Ерб?лан","Кожанова, 73/1"
"860","Ербулан","Достык микрорайон, 2/6"
"861","ЕРГЕШ АТА","Шардара, 60"
"862","Ердаулет","4-я, 5/2"
"863","Ердаут","Момышулы, 3/4"
"864","Ердаут","Алматинская трасса, 2/5"
"865","Ердаут-1","Бауыржан Момышулы проспект, 19/1 киоск"
"866","Ердос","Байтурсынова, 165"
"867","Ержан","Сары жайлау, 109/1"
"868","Ерзат","Майлы Кожа, 13/4, 1 этаж"
"869","Ерзат","Отырар микрорайон, 42"
"870","Ерканат","18-й микрорайон, 51, 1 этаж"
"871","Ерке-Ана","Жиделибайсын, 80/6"
"872","Еркебулан","Куртаева, 8/5"
"873","Еркебулан","Куртаева, 45/4"
"874","Еркебулан","Есенова, 3/1"
"875","Еркем","Абдыразакова, 10/2, 1 этаж"
"876","Еркін","Аймаутова, 29/1"
"877","Ерлан","Ташенова, 120"
"878","Ерлан","Халменова, 33/1"
"879","ЕРМЕК АТА","Саяхат, 1063/1"
"880","Ерн?р","Кошкарбаева, 2390"
"881","Ернар","Тауке Хана, 229/2, 1 этаж"
"882","Ернар","16-й микрорайон, 17, 1 этаж"
"883","Ескендір Ата","Восток микрорайон, 116/2"
"884","Ж?лдыз","Абая проспект, 20, 1 этаж"
"885","Ж?лдыз","Шокана Уалиханова, 8/1, 1 этаж"
"886","Ж?мабек ата","Рыскулова, 554"
"887","Ж?сіп ата","Акпан батыра, 51"
"888","Жа?абай ата","Байтерекова, 133/1"
"889","Жа?алы?","Нурсат микрорайон, 81, 1 этаж"
"890","Жа?алы?","Нурсат микрорайон, 198/4, 1 этаж"
"891","Жа?алы?","Бектаева, 14/2"
"892","ЖА?АЛЫ?","Сыпырган ата, 1Б, 1 этаж"
"893","ЖА?СЫЛЫ?","Володарского, 8/1"
"894","Жавлон","Капал батыра, 53"
"895","Жадыра","Жансугурова, 2/1"
"896","Жадыра","Нурсултана Назарбаева проспект, 35, цокольный этаж"
"897","Жазира","Айшуак, 2/1"
"898","Жайна","Алдиярова, 32, 1 этаж"
"899","Жаке","18-й микрорайон, 2/1"
"900","Жаксылык","Елшибек батыра, 112"
"901","Жал?ас","Нурсултана Назарбаева проспект, 40, цокольный этаж"
"902","Жамбыл","Галымдар, 2/1"
"903","Жан","Нуртас, 2/5"
"904","Жан-Дан","15-й микрорайон, 1, 1 этаж"
"905","Жан-Даулет","Дулати, 196а, 1 этаж"
"906","Жана","16-й микрорайон, 20, 1 этаж"
"907","ЖАНАБАЙ","Саттарханова, 9"
"908","Жанайым","Спортивный микрорайон, 6/3"
"909","Жаналык","Астана микрорайон, 89, 0 этаж"
"910","Жанар","Казыбек Би, 11/2"
"911","Жанар","Гулдала, 137"
"912","Жанар","Акберен, 43/1"
"913","ЖАНАР","Толебаева, 2/2"
"914","Жанар","Акназар Хан, 60/1, 1 этаж"
"915","Жанат","Шокана Уалиханова, 6, 1 этаж"
"916","Жанат","Бейсембаева, 18"
"917","Жаная","15-й микрорайон, 3, 1 этаж"
"918","ЖАНБИБI ?ЖЕ","Жангакты, 86/1"
"919","ЖАНДОС","Туркестан, 37/1"
"920","Жанел","Жулдыз, 85"
"921","ЖАНЕЛЬ","Майлы кожа, 15"
"922","Жанель","Сейдахан Садыкулова, 29/1"
"923","Жани","Мангельдина, 33, 1 этаж"
"924","Жания","Тамшыбулак, 1/1"
"925","Жания","Нуртас, 1"
"926","Жанна","16-й микрорайон, 40, 1 этаж"
"927","ЖАННА","Ерманова, 21, 1 этаж"
"928","ЖАННА","Курнатовского, 23/1"
"929","Жанна","Спатаева, 13/3"
"930","Жаннат Бурчаги","Ибрагим ата, 113/28"
"931","Жаннур","Нурсат микрорайон, 127/1, 1 этаж"
"932","Жансая","Алии Молдагуловой, 15а, 1 этаж"
"933","Жансая","Асар микрорайон, 1/3"
"934","Жансая","16-й микрорайон, 15, 1 этаж"
"935","Жансая","Быковского, 7, 1 этаж"
"936","Жансая","Аккараган, 1/1"
"937","ЖАНСАЯ","Мангельдина, 36, 1 этаж"
"938","Жарыл?асын","8-й микрорайон, 54/2"
"939","Жас-Улан","18-й микрорайон, 3/1"
"940","ЖАС?ЛАН","Нурлы, 32/1"
"941","Жасмин","Мамина-Сибиряка, 16/1"
"942","Жасмина","Акпан батыра, 81"
"943","Жасулан","Байтурсынова, 73/2"
"944","Жасулан","Республики проспект, 20, 1 этаж"
"945","Жасулан-Байжігіт","Жандосова, 33/1"
"946","Жасур","Сайрамская, 12"
"947","Жаулан","Жиделибайсын, 103, 1 этаж"
"948","Жахангир","Лескова, 34/1"
"949","Жейхун сити","Тауке Хана проспект, 49, 1 этаж"
"950","Жети Казына","Атамекен, 2/1"
"951","Жетысу","Желтоксан, 14/1"
"952","Жибек","17-й микрорайон, 3, 1 этаж"
"953","Жибек Жан","Тамерлановское шоссе, 148/1, 1 этаж"
"954","Жиделі","Тарбагатай, 1"
"955","Жібек жолы","Ергеш ата Исраилова, 2, 1 этаж"
"956","Жолдас ата","Наурыз, 133"
"957","Жолдас Ата","Аманкулова, 55, 1 этаж"
"958","Жомарт","Нурсат микрорайон, 164/1, 1 этаж"
"959","Жулдыз","Колбаева, 9"
"960","Жулдыз","Восток микрорайон, 114"
"961","Жулдыз","Капал батыра, 98/10"
"962","Жумабек Ата","Алматинская трасса, 9/3"
"963","Жумахан ата","Акпейил, 2/8, 1 этаж"
"964","ЖУМАШ АТА","Аль-Фараби, 264/2"
"965","За??ар","8-й микрорайон, 60/1"
"966","За??ар","Дулати, 205, 1 этаж"
"967","Зайдинхан Ата","Навои, 7"
"968","Замира ана","Юсуфа Сареми, 6/4, 1 этаж"
"969","Зангар","Баян ауыл, 88"
"970","Зарина","Кутузова, 33а/1"
"971","Зарина","Анарова, 68/2"
"972","Зарина","Бес Агаш, 1а"
"973","Зарина","Карасу микрорайон, 14/1"
"974","Зарина","Курылыс, 8а"
"975","Зафар","Алимбетова, 62/1, 1 этаж"
"976","ЗЕРЕ","193-й квартал, 2092"
"977","Зере","Турсынбаева, 41"
"978","Зертай апа","Жибек жолы, 4/7"
"979","Зиябек","17-й микрорайон, 2, 1 этаж"
"980","Зияд","Сыпырган ата, 128"
"981","ЗИЯД","Акжелкен, 28/1"
"982","Зухра","Аманкулова, 60"
"983","Зухра","Момышулы, 1648"
"984","Ибаш ана","Абая проспект, 12а/1, 1 этаж"
"985","Ибрагим","Киикжар, 3/1"
"986","Игілік","Шокана Уалиханова, 233/1"
"987","Игілік","Абдраймова, 29/1"
"988","Игілік","Кунаева, 61"
"989","Идеал","Ергеш ата Исраилова, 9/1, 1 этаж"
"990","Иззат","4-й микрорайон, 14, 1 этаж"
"991","Илияс","Спортивный микрорайон, 2/1"
"992","Илхам","Аль-Фараби, 124"
"993","ИМРАН","Спатаева, 112"
"994","Имран","Жас казах, 116/1"
"995","Индира","Асанова, 149"
"996","Индира","Актерек, 7/3"
"997","Индира","Кошерова, 8/5, 1 этаж"
"998","Инжу-Маржан","Терешковой, 15а/3, 1 этаж"
"999","Инкар ана","Карасу микрорайон, 1, 1 этаж"
"1,000","Интернет","Шолохова, 184"
"1,001","Ирада","Тамерлановское шоссе, 30, 1 этаж"
"1,002","Ирада","Торекулова, 202"
"1,003","Ирис-Неъмат","Аязби, 40/3"
"1,004","ИРИСБЕК","Амира Тимура, 263/1, 1 этаж"
"1,005","Ирискул-ата","Клары Цеткин, 40"
"1,006","Ирисмат ата","Сайрамская, 45Б/1"
"1,007","Ирсай она","16-й микрорайон, 40, 1 этаж"
"1,008","Ирсай-ана","Онтаева, 2а/1"
"1,009","Ирсали","Жибек жолы, 1/1"
"1,010","Ислам","Республики проспект, 25а, 1 этаж"
"1,011","Ислам","Косдиирмен, 61/1"
"1,012","Ислам-ата","Акорда, 10/1"
"1,013","Исламбек","Шокана Уалиханова, 213а/1"
"1,014","Исламхан","Гозахан, 92"
"1,015","Исман ата","Бозжусан, 54/1"
"1,016","Исманали Ата","Ибрагим ата, 196/1, 1 этаж"
"1,017","Исфиджаб","Аль-Фараби, 121/1"
"1,018","І?к?р","17-й микрорайон, 4а, 1 этаж"
"1,019","Інжу","Асар микрорайон, 5/1"
"1,020","ІНЖУ","Арайлытан, 2/5"
"1,021","Інжу","Есенова, 2/5"
"1,022","ІНЖУ","Тамерлановское шоссе, 90/4, 1 этаж"
"1,023","Інжу-Маржан","Коктем, 39/1"
"1,024","К??іл","Гагарина, 153, 1 этаж"
"1,025","К?ктем","Нурсат микрорайон, 140а, 1 этаж"
"1,026","К?ктем","Бауыржан Момышулы проспект, 122"
"1,027","К?ктерек","Амира Тимура, 59/1"
"1,028","К?л?йім ?же","Бабашулы, 88/2"
"1,029","К?н Нуры","8-й микрорайон, 17а, 1 этаж"
"1,030","К?н сайын","Нурсат микрорайон, 197, 1 этаж"
"1,031","К?ркем","Сырым батыра, 2"
"1,032","К?ркем","Жибек жолы, 2"
"1,033","К?усар","Тамерлановское шоссе, 2/1, 1 этаж"
"1,034","К?усар","Дулати, 189"
"1,035","КАБЫЛБЕК","Иргелес, 161/1"
"1,036","Кажымухан","Курмангазы, 133/1"
"1,037","Казына","Турысова, 47, 1 этаж"
"1,038","Казына","Куртаева, 7/8"
"1,039","Казына","Тажибаева, 104а, 1 этаж"
"1,040","Кайрат","Спортивный микрорайон, 23, 1 этаж"
"1,041","Калина Красная","Калинина, 23/1"
"1,042","Калкаман","Наурыз проезд, 34"
"1,043","Калыш-ана","Север микрорайон, 49, 1 этаж"
"1,044","Камал","Шорахмат ата Шохайдарова, 89/2"
"1,045","Камила","Байдибек би, 158/1"
"1,046","Камила","Шокана Уалиханова, 241, 1 этаж"
"1,047","Камшат","Турысова, 47"
"1,048","Камшат","Медеу, 90/1"
"1,049","Канагат","Торекулова, 218/1"
"1,050","КАПАЛ","Капал батыра, 112/2"
"1,051","Кара-су","Карасу микрорайон, 110/1"
"1,052","КАРА-СУ","Алии Молдагуловой, 9/3"
"1,053","Караван","Жангельдина, 26/2"
"1,054","Карина","Алтын адам, 7/1"
"1,055","Карина","Кошурникова, 253/1, 1 этаж"
"1,056","Касиет","Шамши Калдаякова, 19, 1 этаж"
"1,057","КАСКАСУ","Саяхат, 615/3"
"1,058","КАУСАР","Асар 2 микрорайон, 5/8"
"1,059","Кенжебек Ата","Кок сай 2 микрорайон, 9а, 1 этаж"
"1,060","Керемет","Нурсат микрорайон, 155, 1 этаж"
"1,061","Керемет","Новостройка, 2"
"1,062","Керемет","Жибек жолы, 104/2"
"1,063","Керемет","Сырым батыра, 58/1"
"1,064","Керемет","Тажибай ата, 10/1"
"1,065","Керимбек ата","Актилек, 2"
"1,066","КЕРУЕН","Айбергенова, 1а, 1 этаж"
"1,067","Керуен","Тауке Хана проспект, 104, 1 этаж"
"1,068","КИА","Кабанбай батыра проспект, 3, 1 этаж"
"1,069","КИЕВ","Бейбитшилик, 22, 1 этаж"
"1,070","Кипарис","Айбергенова, 5/7"
"1,071","Клара","Акниет, 20"
"1,072","Клара","Дауренбека Курманбекова, 90/1"
"1,073","Кобей Ата","Мухаметкула Исламкулова, 48"
"1,074","Коксарай","Майлы кожа, 21/1"
"1,075","КОЛОБОК","Акпан батыра, 159"
"1,076","Комета","Казанкап акына, 2/1а"
"1,077","Конус","Карасу микрорайон, 85/1, 1 этаж"
"1,078","КОРГАНБАЙ АТА","Шамши Калдаякова, 135/1"
"1,079","Корганбай ата","Терекзор, 1/1"
"1,080","КОРЗИНКА","Тауке Хана проспект, 258"
"1,081","Корзинка","Кунбатыс, 52"
"1,082","КОРКЕМ","Нурсат микрорайон, 94, 1 этаж"
"1,083","Коркем","Акжелкен, 1"
"1,084","Кошер","Музтау, 1423"
"1,085","Кристалл","Тамерлановское шоссе, 19/25"
"1,086","Ксюша","Туркестанская, 2/1, 1 этаж"
"1,087","Кулаш","Володарского, 7"
"1,088","Кулданай Апа","Бабашулы, 12/3"
"1,089","Кулдар ана","Теренозек, 1/2"
"1,090","Кулинария","Жаркымбекова, 20, 1 этаж"
"1,091","Кулсін-Ай","Сыпырган ата, 28/7, 1 этаж"
"1,092","Кунсулу","Рыскулбекова, 5/4"
"1,093","КУНШЫГЫС","Восток микрорайон, 31/5"
"1,094","Куншыгыс","Жибек жолы, 93, 1 этаж"
"1,095","Куралай","Сейдахан Садыкулова, 30"
"1,096","Кус","Толе би, 12а, 1 этаж"
"1,097","Кызыл дала","Бостан Алимбекова, 18"
"1,098","Кызылжар","Махмудова, 1/4"
"1,099","Лаззат","Жастык, 17/2"
"1,100","Лев","Ашурходжаева, 23"
"1,101","Лейла","Ташпулатова, 20"
"1,102","ЛЕСБЕК","Жандарбекова, 27а"
"1,103","Лесбек ата","Тилеулес, 2/1"
"1,104","ЛиКО","Жангельдина, 15/9"
"1,105","М?лдір","Алматинская трасса, 10/1"
"1,106","М?лдір","Орманова, 20/1"
"1,107","М?лдір","Казиева, 109/5"
"1,108","М?лдір","Толе би, 9/11, 1 этаж"
"1,109","М?рат","Капал батыра, 20/1"
"1,110","М?рат","Бексеита Тулкиева, 34"
"1,111","Ма?жан","Аргынбекова, 108/1"
"1,112","МА?ЖАН","Жумабекова, 8/1"
"1,113","Ма?сат","Гагарина, 34/1"
"1,114","Ма?сат","Тайманулы, 1/1"
"1,115","МА?САТ","Бозтоган, 2/2"
"1,116","Ма?сат","Алдиярова, 12, 1 этаж"
"1,117","Магазин","Бауыржан Момышулы проспект, 25/3"
"1,118","Магазин","Айбергенова, 1а/1"
"1,119","Магазин","Бауыржан Момышулы проспект, 9/1"
"1,120","Магазин","Беткей, 9а"
"1,121","Магазин","Мадели Кожа, 113"
"1,122","Магазин","Жамалбека Шаймерденова, 294/1"
"1,123","Магазин","Азербаева, 35/1"
"1,124","Магазин","Солтустик саяжай, 263"
"1,125","Магазин","Сункар, 1"
"1,126","Магазин","Кошурникова, 56"
"1,127","Магазин","Байтурсынова, 76/4"
"1,128","Магазин","Когалы, 67"
"1,129","Магазин","Озекти, 8/5"
"1,130","Магазин","Юсупова, 130/1"
"1,131","Магазин","Гулдала, 32"
"1,132","Магазин","Казак Ордасы, 10"
"1,133","Магазин","Камбарулы, 1/1"
"1,134","Магазин","Байдибек би проспект, 130/9"
"1,135","Магазин","Тайманулы, 40"
"1,136","Магазин","Кайып ата, 1/1"
"1,137","Магазин","Сайрамская, 235/10"
"1,138","Магазин","4-я, 12"
"1,139","Магазин","Дастан, 1/2"
"1,140","Магазин","Майкудык, 12"
"1,141","Магазин","Бозарык микрорайон, 26"
"1,142","Магазин","Казак Ордасы, 1/8"
"1,143","Магазин","Камбара Молдабекулы, 1"
"1,144","Магазин","Изгилик, 2/5"
"1,145","Магазин","Изгилик, 2/6"
"1,146","Магазин","Солтустик саяжай, 346"
"1,147","Магазин","Ленина, 4/1"
"1,148","Магазин","Иле, 10"
"1,149","Магазин","Кызылкол, 659/1"
"1,150","Магазин","Есенова, 1/3"
"1,151","Магазин","Жибек жолы, 9/5"
"1,152","Магазин","Гагарина, 26а"
"1,153","Магазин","Мадели Кожа, 1г, 1 этаж"
"1,154","Магазин","Сайрам микрорайон, 8/4, 1 этаж"
"1,155","Магазин","Камбарулы, 20/1"
"1,156","Магазин","Кайып ата, 1/2"
"1,157","Магазин","Кенесарина, 10"
"1,158","Магазин","Атаконыс, 1/8"
"1,159","Магазин","Алтынбастау, 10"
"1,160","Магазин","Республики проспект, 46а, 1 этаж"
"1,161","Магазин","Рыскулова, 359/13"
"1,162","Магазин","Рыскулова, 2/4"
"1,163","Магазин","Анарова, 3/2"
"1,164","Магазин","Рыскулова, 162"
"1,165","Магазин","Кокжиек, 2/1"
"1,166","Магазин","Оразбаева, 102/1"
"1,167","Магазин","Алимбетова, 2, 1 этаж"
"1,168","Магазин","Жибек жолы, 26/6"
"1,169","Магазин","Козы Корпеш, 10/2"
"1,170","Магазин","Байдибек би проспект, 124"
"1,171","Магазин","Рыскулова, 10/15"
"1,172","Магазин","Рыскулова, 10/16"
"1,173","Магазин","Келмен Маханулы, 1/1"
"1,174","Магазин","Тугейболат, 32/1"
"1,175","Магазин","7-я улица, 1"
"1,176","Магазин","Фуркат, 26/1"
"1,177","Магазин","Садыкова, 2/1"
"1,178","Магазин","Шадабат, 1"
"1,179","Магазин","Бабашулы, 88/1"
"1,180","Магазин","#NULL!"
"1,181","Магазин","Леонова, 18"
"1,182","Магазин","Жибек жолы, 228/2"
"1,183","Магазин","Жубанова, 1"
"1,184","Магазин","Жибек жолы, 18/3"
"1,185","Магазин 53","Мухаметкула Исламкулова, 53/1"
"1,186","Магазин по продаже продуктов","Желтоксан, 32, 1 этаж"
"1,187","Магазин продовольствия","Аманжолова, 21/1"
"1,188","Магазин продуктов","Новостройка, 6"
"1,189","Магазин продуктов питания","Аль-Фараби, 94/5"
"1,190","МАГИЯ","16-й микрорайон, 24, 1 этаж"
"1,191","МАГНИТ","Данова, 11, 1 этаж"
"1,192","Магнолия","Назарбекова, 208/2, 0 этаж"
"1,193","Мади","Рыскулова, 58/15"
"1,194","Мади","Аскарова, 30/1"
"1,195","Мади","Тауке Хана, 97/1"
"1,196","МАДИ","Шокана Уалиханова, 221а, 1 этаж"
"1,197","МАДИ","Абдикадиров Уали ата, 1/4"
"1,198","Мади","Амангельды, 9/1"
"1,199","МАДИ","Рашидова, 14а/2, 1 этаж"
"1,200","Мадина","Курмангазы, 5, 1 этаж"
"1,201","Мадина","Восток микрорайон, 109"
"1,202","Мадина","Тамерлановское шоссе, 22/15"
"1,203","Мадина","Мангельдина, 34, 1 этаж"
"1,204","Мадина","Капал батыра, 98/1"
"1,205","МАДИНА","Гагарина, 14/1"
"1,206","МАДИНА","Торекулова, 54"
"1,207","Мадина","Рахимова, 50а"
"1,208","Мадина","Ибрагим ата, 93"
"1,209","Мадинабану","Сыпырган ата, 122/1"
"1,210","Мадияр","Уркимбаева, 14/1"
"1,211","Мадияр","Восток микрорайон, 21, 1 этаж"
"1,212","Мадияр","Исмаилова, 125, 1 этаж"
"1,213","МАДО","Алии Молдагуловой, 12, 1 этаж"
"1,214","Майкент","Промышленная, 1/7"
"1,215","Майра","Рыскулова, 359/6, 1 этаж, 9 бутик"
"1,216","Майра апа","Солтустик саяжай, 262"
"1,217","Майтобе","Майтобе, 1"
"1,218","Маке","Шокана Уалиханова, 192"
"1,219","Макс","Жастык, 2/3, 1 этаж"
"1,220","Максат","Дауренбека Курманбекова, 10/2"
"1,221","Максат","Аль-Фараби, 57"
"1,222","Максат","Толебаева, 90"
"1,223","Максат","Бершинтобе, 37/1"
"1,224","МАЛИКА","Жасталап, 119"
"1,225","Малика","Тауке Хана проспект, 296"
"1,226","Малика","Юлдашева, 7/1"
"1,227","Маман Ата","Бауыржан Момышулы проспект, 60"
"1,228","Манат","Медеу, 1"
"1,229","Манат","Казиева, 109/4"
"1,230","Мансур","Восток микрорайон, 3/1"
"1,231","Маншук","Турсынбаева, 32"
"1,232","Мардан","Тауке Хана, 229"
"1,233","Маржан","Алибекова, 18"
"1,234","Маржан","Бекболатова, 91"
"1,235","Маржан","Восток микрорайон, 44, 1 этаж"
"1,236","МАРЖАН","Шардара, 19"
"1,237","Маржан","Ибрагим ата, 100"
"1,238","МАРИКА","Диваева, 6/7, 1 этаж"
"1,239","Мария","Байтурсынова, 24Б"
"1,240","Мариям","Тыныбаева, 3, 1 этаж"
"1,241","Мариям","18-й микрорайон, 4"
"1,242","Маркет №1","Куаныш Толеметова, 69/41, 1 этаж"
"1,243","Мархабо","Желтоксан, 80"
"1,244","Матлюба","Жамалова, 4/2"
"1,245","МАФИ","Кабанбай батыра проспект, 13, 1 этаж"
"1,246","МАХМУТ АТА","Амира Тимура, 128/1, 1 этаж"
"1,247","Махсуд хажи","Быковского, 7/1, 1 этаж"
"1,248","МЕГАС","Нурсултана Назарбаева проспект, 34, 0 этаж"
"1,249","Медет","Жибек жолы, 86/5, 1 этаж"
"1,250","Медеу ата","Музтау, 2/2"
"1,251","Мейiр","Шамши Калдаякова, 17, 1 этаж"
"1,252","Мейіз Апа","Алибекова, 82/2, 1 этаж"
"1,253","Арсен","18-й микрорайон, 14, 1 этаж"
"1,254","МЕЙІРБЕК","Казына, 1/1"
"1,255","Мейрам","Алимкулова, 38, 1 этаж"
"1,256","Мельница","Мустафа Озтурука, 164"
"1,257","Мемрам","18-й микрорайон, 23, 1 этаж"
"1,258","Мерей","Аргынбекова, 133/10"
"1,259","Мерей","Север микрорайон, 41, 1 этаж"
"1,260","Мерей","Аскарова, 34"
"1,261","Мерей","Жандарбекова, 78/1"
"1,262","Мерей","Айбергенова, 1Б"
"1,263","Мерей","Шардара, 1/4"
"1,264","Мерей Мед","Аргынбекова, 27а, 1 этаж"
"1,265","Мерейли","Нуртас, 2/3"
"1,266","Меруерт","Володарского, 1/6"
"1,267","Меруерт","Болашак, 63/1"
"1,268","Меруерт","8-й микрорайон, 7а, 1 этаж"
"1,269","Меруерт","Койкелди Батыра, 85, 1 этаж"
"1,270","Металлург","1 Мая, 8, 1 этаж"
"1,271","Мико","Каламбаева, 88"
"1,272","МИКОШКА БИКОШКА","Диваева, 10/3"
"1,273","Милана","Театральная, 35, 1 этаж"
"1,274","Милана","Аскарова, 39, 1 этаж"
"1,275","Милена","Айбергенова, 4, 1 этаж"
"1,276","Миллениум","Айбергенова, 7, 1 этаж"
"1,277","Миллионер","Ушжурт, 1/1"
"1,278","Минавар","Шаназарова, 4/1"
"1,279","Мини-маркет","Гагарина, 13/14, 1 этаж"
"1,280","Мини-маркет","Капал батыра, 90а"
"1,281","Мини-маркет","Рыскулова, 359/12, 1 этаж"
"1,282","Мини-маркет","Шмидта, 9а"
"1,283","Мини-маркет","Юсуфа Сареми, 46/1, 1 этаж"
"1,284","Мини-маркет","Жибек жолы, 231"
"1,285","Мир Здоровья","Диваева, 10/2"
"1,286","Мираж","Алимбетова, 45в, 1 этаж"
"1,287","Мираж","Мадениет, 14/1"
"1,288","Продуктовый Магазин Без Названия","18-й микрорайон, 8, 1 этаж"
"1,289","Мирана","Жанабазар, 1"
"1,290","Мирас","Пахтакор, 18/26, 1 этаж"
"1,291","Мирас","Пахтакор, 18/7"
"1,292","Мирас","Кремлёвская, 38/2"
"1,293","МИРАС","Нурсултана Назарбаева проспект, 51, 0 этаж"
"1,294","Мирас","Ахметова, 437"
"1,295","Мирас","Толебаева, 46/1"
"1,296","Мират","Жиделибайсын, 92/2, 1 этаж"
"1,297","Миркан","Жиделибайсын, 47/1"
"1,298","Мирсалим","Сатыбалдиева, 30/2, 1 этаж"
"1,299","Мі?айым Ана","Нурсат микрорайон, 12, 1 этаж"
"1,300","МММ","Казиева, 58/2, 1 этаж"
"1,301","МОЙКА 4","Аймаутова, 143/1, 1 этаж"
"1,302","Молдали","Мирас, 1/1, 1 этаж"
"1,303","Молдир","Жастык, 17/1"
"1,304","Молдос","Озекти, 52"
"1,305","Мольдир","Республики проспект, 5, 1 этаж"
"1,306","МУРАТ","Нурпеисова, 6а"
"1,307","Мурмакс","16-й микрорайон, 31, 1 этаж"
"1,308","Мурмакс","Карасу микрорайон, 57, 1 этаж"
"1,309","МУРОД","Аль-Фараби, 84/1"
"1,310","МУСА","Рыскулова, 359/4"
"1,311","Муслимат ата","Амира Тимура, 70/1"
"1,312","Мустафа ата","Куаныш Толеметова, 1/1"
"1,313","Мухамедали","Инкардария, 14/3"
"1,314","МЫРЗАКАРИМ АТА","Махмуджона переулок, 12/1"
"1,315","Мэри","Казанкап акына, 47/1"
"1,316","Н?би","Гагарина, 137, 1 этаж"
"1,317","Н?р","Кабанбай батыра проспект, 4/1, 1 этаж"
"1,318","Н?р","Желтоксан, 291"
"1,319","Н?р","Искра, 59"
"1,320","Н?Р","Казиева, 1/1"
"1,321","Н?р","Бокейханова, 10/4"
"1,322","Н?р","Отырар микрорайон, 59, 1 этаж"
"1,323","Н?р","Хабира Пазикова, 108а"
"1,324","Н?р","15-й микрорайон, 4, 1 этаж"
"1,325","Н?р","Салтанатты, 21/1"
"1,326","Н?р Ай","Восток микрорайон, 45"
"1,327","Н?р Дар","4-й микрорайон, 9/2"
"1,328","Н?р Даулет","Бозтоган, 1/2"
"1,329","Н?р-?уаныш","Нурсат микрорайон, 126, 1 этаж"
"1,330","Н?р-Ай","Тамерлановское шоссе, 26/1"
"1,331","Н?Р-БЕРЕКЕ","Нурсултана Назарбаева проспект, 33, цокольный этаж"
"1,332","Н?р-Еркем","Айшыкты, 16/1"
"1,333","Н?Р-Н?Р","Досмухамедова, 1/2"
"1,334","Н?р-Сая","Гагарина, 145/2"
"1,335","Н?Р?ЛІ","Саяхат, 1/1"
"1,336","Н?Р?ЛІ","Жасталап, 174"
"1,337","Н?рАру","Восток микрорайон, 113/1"
"1,338","Н?расыл","Макталы, 96"
"1,339","Н?расыл","Есенова, 1/5"
"1,340","Н?рд?улет","Сасбукаева, 113"
"1,341","Н?рдос","Назарбекова, 90, 1 этаж"
"1,342","Н?РЖАМАЛ","Гулдала, 875"
"1,343","Н?рзат","Республики проспект, 37, 1 этаж"
"1,344","Н?рислами Азим","Байтурсынова, 75в/1"
"1,345","Н?РЛЫ ЖОЛ","Туркестан, 67/2"
"1,346","Н?рлы-Айым","Новостройка, 1/1"
"1,347","Н?РТАС","Акбота, 812а"
"1,348","Н.Б.С.","Мангельдина, 39/3"
"1,349","Н2О","Торекулова, 21/1, 1 этаж"
"1,350","На 8-ом","8-й микрорайон, 16, 1 этаж"
"1,351","На Тверской","Дауренбека Курманбекова, 35/3"
"1,352","Наво","Рашидова, 17, 1 этаж"
"1,353","Надежда","Алибекова, 84а"
"1,354","Наза","Сарбаздар, 12/1, 1 этаж"
"1,355","НАЗАРБАЙ АТА","Мусы Джалиля, 4/2"
"1,356","Назерке","Нурлыбаева, 22/3"
"1,357","Назерке","Асар 2 микрорайон, 5/7"
"1,358","Назима","Тиллаходжаева 1-я, 9/1"
"1,359","Назмина","Шамши Калдаякова, 123/3"
"1,360","НАЗЫМ","Арасан, 45/2"
"1,361","НАР АТА","Алтын Бесик, 10/2"
"1,362","Наргиз","Лескова, 104"
"1,363","Наргиза","Павлова, 2а, 1 этаж"
"1,364","Наргиза","Сатыбалдиева, 117, 1 этаж"
"1,365","Нарікбай","Восток микрорайон, 1"
"1,366","Нармат ата","Айбек, 23"
"1,367","Народный","Момынова, 7"
"1,368","Нарханум","Капал батыра, 74/2"
"1,369","Насиба Апа","Абдраимова, 1"
"1,370","Насима","Елшибек батыра, 87, 1 этаж"
"1,371","Натали","18-й микрорайон, 24, 1 этаж"
"1,372","НАУРЫЗ","Республики проспект, 15а, 1 этаж"
"1,373","НАУРЫЗ","Саулетши, 92/1"
"1,374","Наурыз","Шокана Уалиханова, 192в/1"
"1,375","Находка","Темирлан, 1"
"1,376","Наш магазин","Театральная, 24, 1 этаж"
"1,377","Незабудка","Абдыразакова, 10/1"
"1,378","НЕСIБЕ","Егемен ел, 33/2"
"1,379","Несiбе","Нурсат микрорайон, 197, цокольный этаж"
"1,380","Несiбелi","Алпамыс батыра, 3012"
"1,381","Несібе","Балтабай Нурлыбекова, 63/2, 1 этаж"
"1,382","Несібе","Актасты, 1/1"
"1,383","Нигина","Жылкышиева, 40, 1 этаж"
"1,384","Ниязкул ата","Хорасан баба 2-й тупик, 1, 1 этаж"
"1,385","НИЯТ","Камысты, 68/1"
"1,386","Новинка","Жолдасбекова, 62а"
"1,387","Новинка","Аманкулова, 59, 1 этаж"
"1,388","Ностальгия","Тамерлановское шоссе, 30, 1 этаж"
"1,389","Ноян","Алимбетова, 189/1"
"1,390","Нулифар","Киикжар, 10"
"1,391","Нур","Бекет Батыра, 89"
"1,392","Нур","Жибек жолы, 58/1"
"1,393","Нур","8 Марта, 41Б"
"1,394","Нур","Отырар микрорайон, 56, 1 этаж"
"1,395","НУР","Гагарина, 20/1, 1 этаж"
"1,396","Нур","Атасу, 57"
"1,397","НУР","Азаттык, 485, 1 этаж"
"1,398","НУР","Павлова, 4, 1 этаж"
"1,399","НУР 777","Сагынбаева, 171а, 1 этаж"
"1,400","Нур Сад","Карасу микрорайон, 27, 1 этаж"
"1,401","Нур-Ай","Сырым батыра, 10"
"1,402","Нур-асыл","Алии Молдагуловой, 7"
"1,403","Нур-Асыл","Изгилик, 2/1"
"1,404","НУР-УАЛИ","1 Мая, 27, 1 этаж"
"1,405","Нур-Фарм","Алматинская трасса, 25а/3"
"1,406","НУРАЙ","Кажи Алмахан, 45"
"1,407","Нурай","Бозарык микрорайон, 308"
"1,408","Нурасыл","Карасу микрорайон, 22"
"1,409","НУРАСЫЛ","Коктем, 4"
"1,410","Нурбакыт","Верещагина, 73а"
"1,411","Нурбакыт","16-й микрорайон, 15, 1 этаж"
"1,412","Нурбек","Сарыозек, 603/4, 1 этаж"
"1,413","Нурдана","Север микрорайон, 32/5, 1 этаж"
"1,414","Нурдаулет","Акпан батыра, 4, 1 этаж"
"1,415","НУРДАУЛЕТ ХАЛАЛ","Сыздыкова, 38/1"
"1,416","Нуржамал","Аймаутова, 119"
"1,417","Нуржан","Куаныш Толеметова, 1/2"
"1,418","НУРИЛА","Республики проспект, 25"
"1,419","Нурислам","Есенова, 1/6"
"1,420","Нуркен","Отырар микрорайон, 38/1"
"1,421","НУРЛАН","Капал батыра, 115/1"
"1,422","Нурлы","Кошерова, 43/1"
"1,423","Нурлы Тау","Туркестан, 2/2"
"1,424","Нурлыайым","Нурсултана Назарбаева проспект, 45/1"
"1,425","Нурмухаммед","Сырым батыра, 2/7"
"1,426","НУРСАЛТАНАТ","Восток микрорайон, 31/4, 1 этаж"
"1,427","Нурсан","Ерманова, 8, 1 этаж"
"1,428","Нурсат 2","Нурсат 2 микрорайон, 1, 1 этаж"
"1,429","Нурсат 2","Нурсат микрорайон, 31, 1 этаж"
"1,430","Нурсаят","Нурсултана Назарбаева проспект, 41, цокольный этаж"
"1,431","НурТай-АТА","Жастар, 48/1"
"1,432","НУРТАС","Аксауыт, 45/2"
"1,433","Нуртас","Бексеита Тулкиева, 1/1"
"1,434","Нурхан","Куаныш Толеметова, 336"
"1,435","Нурхат","Толе би, 33, 1 этаж"
"1,436","Нью Васюки","16-й микрорайон, 42а/1"
"1,437","О`КЕЙ","Жибек жолы, 43, 1 этаж"
"1,438","ОДИНА","Жибек жолы, 90/1, 1 этаж"
"1,439","ОЙБЕК","Амира Тимура, 237/23"
"1,440","Ойбек","Гагарина, 206/1"
"1,441","ОКЕАН","Бадамская, 5/7"
"1,442","Октам ата","Новостройка, 1"
"1,443","Олжа","Турсынкул Утегенова, 603/4, 1 этаж"
"1,444","Олжа","16-й микрорайон, 41"
"1,445","Олжа","Кошерова, 56/1"
"1,446","Олжа","Мангельдина, 34, 1 этаж"
"1,447","Олжас","Тауке Хана проспект, 2/8"
"1,448","ОЛЖАС","Карабастау, 32/2"
"1,449","Олжас","Акпан батыра, 13, 1 этаж"
"1,450","Олжас","Алибекова, 157/1"
"1,451","ОЛЖАС","Аргынбекова, 1/7"
"1,452","Олимп","Сайрамская, 1/1, 1 этаж"
"1,453","ОЛЬГА","Желтоксан, 336/1"
"1,454","Омар ата","Гагарина, 137, 1 этаж"
"1,455","Омирза? ата","Ибрагим ата, 3/1"
"1,456","Омирзак","Алматинская трасса, 14/4, 1 этаж"
"1,457","Оптовик","Ерназарова, 36/1"
"1,458","Оптовик+","Бабыра, 90"
"1,459","Оптовый магазин","Шокана Уалиханова, 225"
"1,460","Ор и Ка","Бирлик, 5/5"
"1,461","Ордабасы","3-й микрорайон, 3, 1 этаж"
"1,462","Ордабасы","3-й микрорайон, 6, 1 этаж"
"1,463","Оригинал","Сыдык Нурашбекова, 33/1"
"1,464","Оркен ана","Мамытбека Сматлаева, 12"
"1,465","Орман ата","Ибрагим ата, 78а/1"
"1,466","Орынбасар Ата","Шокана Уалиханова, 1/1, 1 этаж"
"1,467","ОТЫРАР","Отырар микрорайон, 52/2"
"1,468","Отырар","Акберен, 108/1"
"1,469","Папина лавка","Казыбек Би, 200/2а, 1 этаж"
"1,470","Пекарня","Нурлыбаева, 22/2"
"1,471","Пекарня","Бадамская, 10/1"
"1,472","Перизат","Хайруллина, 6"
"1,473","ПЕРИЗАТ","Сиргели, 14"
"1,474","Перизат","Карасу микрорайон, 45, 1 этаж"
"1,475","ПИРАМИДА","Толстого, 99, 1 этаж"
"1,476","Платинум","Володарского, 21, 1 этаж"
"1,477","Пончик","Акпан батыра, 107, 1 этаж"
"1,478","Продовольственный магазин","Жангельдина, 12/7"
"1,479","Продовольственный магазин","Рыскулова, 58/2"
"1,480","Продовольственный магазин","Бабыра, 98"
"1,481","Продовольственный магазин","Рыскулова, 1034/5"
"1,482","Продовольственный магазин","Талдыколь, 130/1"
"1,483","Продовольственный магазин","Момышулы, 2/1"
"1,484","Продовольственный магазин","Кекилова Жакиябека, 12"
"1,485","Продовольственный магазин","2-я улица, 1/1"
"1,486","Продовольственный магазин","Аскарова, 22/2, 1 этаж"
"1,487","Продовольственный магазин","Жангельдина, 15/9"
"1,488","Продовольственный магазин","Тайманулы, 2а/2, 1 этаж"
"1,489","Продовольственный магазин","Нурсат микрорайон, 7/1, 2 этаж, 279 бутик"
"1,490","Продовольственный магазин","Гагарина, 9а, 1 этаж"
"1,491","Продовольственный магазин","Атаконыс, 1/8"
"1,492","Продовольственный магазин","Онтустик, 320а, 1 этаж"
"1,493","Продовольственный магазин","Рыскулова, 359/6, 1 этаж, 7 бутик"
"1,494","Продовольственный магазин","Абдыразакова, 10/1"
"1,495","Продовольственный магазин","Рашидова, 14а/2, 1 этаж"
"1,496","Продовольственный магазин","Жибек жолы, 20а, 1 этаж"
"1,497","Продовольственный магазин","Жибек жолы, 137/1"
"1,498","Продовольственный магазин","Туркестан, 67"
"1,499","Продовольственный магазин","Амира Тимура, 237/19, 1 этаж"
"1,500","Продовольственный павильон","Капал батыра, 6/7"
"1,501","Продуктовая лавка","Анарова, 3/1"
"1,502","Продуктовая лавка","Анарова, 3/2"
"1,503","Продуктовый ларек","Тамерлановское шоссе, 22/19, 15 ряд, 46 место"
"1,504","Продуктовый магазин","Жибек жолы, 56/5"
"1,505","Продуктовый магазин","Шокана Уалиханова, 159"
"1,506","Продуктовый магазин","Тауке Хана, 8"
"1,507","Продуктовый магазин","Алимбетова, 45а/1"
"1,508","Продуктовый магазин","Казправды, 8, 1 этаж"
"1,509","Продуктовый магазин","Аскарова, 22/1"
"1,510","Продуктовый магазин","Азим, 164, 1 этаж"
"1,511","Продуктовый магазин","Красина переулок, 14/1, 1 этаж"
"1,512","Продуктовый магазин","Восток микрорайон, 12а"
"1,513","Продуктовый магазин","Жамбыла, 1"
"1,514","Продуктовый магазин","Маншук Маметовой, 127"
"1,515","Продуктовый магазин","Кисык, 27"
"1,516","Продуктовый магазин","Байтерекова, 171/2"
"1,517","Продуктовый магазин","Восток микрорайон, 34/1"
"1,518","Продуктовый магазин","Сырым батыра, 2/1"
"1,519","Продуктовый магазин","Казиева, 104/4"
"1,520","Продуктовый магазин","Жибек жолы, 91/1"
"1,521","Продуктовый магазин","Володарского, 1/9"
"1,522","Продуктовый магазин","Алимкулова, 2/1, 1 этаж"
"1,523","Продуктовый магазин","Сурикова, 4/1"
"1,524","Продуктовый магазин","Сасбукаева, 109/1"
"1,525","Продуктовый магазин","Дулати, 200а, 1 этаж"
"1,526","Продуктовый магазин","Дулати, 191"
"1,527","Продуктовый магазин","Нурсат 2 микрорайон, 18/1"
"1,528","Продуктовый магазин","Желтоксан, 1/1, 1 этаж"
"1,529","Продуктовый магазин","Табынбаева, 50/1"
"1,530","Продуктовый магазин","Жангельдина, 45"
"1,531","Продуктовый магазин","Жана жол, 6"
"1,532","Продуктовый магазин","Диваева, 30"
"1,533","Продуктовый магазин","Тамерлановское шоссе, 40/1"
"1,534","Продуктовый магазин","Диваева, 20 киоск"
"1,535","Продуктовый магазин","Тайманулы, 7/2"
"1,536","Продуктовый магазин","Туркестанская, 264/1"
"1,537","Продуктовый магазин","Туркестан, 40"
"1,538","Продуктовый магазин","Аргынбекова, 465/1"
"1,539","Продуктовый магазин","Тореза, 8"
"1,540","Продуктовый магазин","Гулдала, 33"
"1,541","Продуктовый магазин","Республики проспект, 37/1"
"1,542","Продуктовый магазин","Шиели, 3, 1 этаж"
"1,543","Продуктовый магазин","Казиева, 57/1"
"1,544","Продуктовый магазин","Махамбет, 1"
"1,545","Продуктовый магазин","Алдиярова, 18/2, 1 этаж"
"1,546","Продуктовый магазин","Кок сай 1 микрорайон, 382, 1 этаж"
"1,547","Продуктовый магазин","Казыбек Би, 192/1"
"1,548","Продуктовый магазин","Дулатова, 71"
"1,549","Продуктовый магазин","Капал батыра, 15/1"
"1,550","Продуктовый магазин","Шыршыкбай, 1"
"1,551","Продуктовый магазин","Шойынбаевой, 1/1"
"1,552","Продуктовый магазин","Ынтымак, 45/3"
"1,553","Продуктовый магазин","Каркара, 49/1"
"1,554","Продуктовый магазин","Жандосова, 73/1"
"1,555","Продуктовый магазин","Жусанды, 26/1"
"1,556","Продуктовый магазин","Даулеткерей, 30"
"1,557","Продуктовый магазин","Айшыкты, 16/2"
"1,558","Продуктовый магазин","Капал батыра, 74"
"1,559","Продуктовый магазин","Куаныш Толеметова, 69/10, 1 этаж"
"1,560","Продуктовый магазин","Казак Ордасы, 10/1"
"1,561","Продуктовый магазин","Байдибек би проспект, 15/15"
"1,562","Продуктовый магазин","Жиделибайсын, 22"
"1,563","Продуктовый магазин","Капал батыра, 80/1"
"1,564","Продуктовый магазин","Туран, 26/1"
"1,565","Продуктовый магазин","Байтурсынова, 57"
"1,566","Продуктовый магазин","Тауке Хана, 40/2"
"1,567","Продуктовый магазин","Мадели Кожа, 24"
"1,568","Продуктовый магазин","Айбергенова проезд, 8/2"
"1,569","Продуктовый магазин","Жиделибайсын, 18"
"1,570","Продуктовый магазин","Рамзан-Ата, 10"
"1,571","Продуктовый магазин","Сулейменова, 4/1"
"1,572","Продуктовый магазин","Октябрьская, 77/2"
"1,573","Продуктовый магазин","Народовольцев, 31/1"
"1,574","Продуктовый магазин","Павлова, 12а"
"1,575","Продуктовый магазин","Саттарханова, 30/3"
"1,576","Продуктовый магазин","Джалиля, 52"
"1,577","Продуктовый магазин","Теспе, 34"
"1,578","Продуктовый магазин","Алга, 16"
"1,579","Продуктовый магазин","Чайковского, 85"
"1,580","Продуктовый магазин","Абая, 11"
"1,581","Продуктовый магазин","Курылыс, 47/1"
"1,582","Продуктовый магазин","Колбаева, 25"
"1,583","Продуктовый магазин","Жанбосынова, 20/1"
"1,584","Продуктовый магазин","Сеченова, 32"
"1,585","Продуктовый магазин","Ондасынова, 53"
"1,586","Продуктовый магазин","Амангельды, 45/1"
"1,587","Продуктовый магазин","Кажи Алмахан 1-й переулок, 1/1"
"1,588","Продуктовый магазин","Косдиирмен, 1/1"
"1,589","Продуктовый магазин","Момышулы, 1/3"
"1,590","Продуктовый магазин","Сайрамская, 156"
"1,591","Продуктовый магазин","Жана жол, 54/1, 1 этаж"
"1,592","Продуктовый магазин","Комекбаева, 37/1"
"1,593","Продуктовый магазин","Акбаева, 25, 1 этаж"
"1,594","Продуктовый магазин","Камытбек Мамешов, 62"
"1,595","Продуктовый магазин","Амангельды, 104/2"
"1,596","Продуктовый магазин","Бейбитшилик, 4"
"1,597","Продуктовый магазин","Мукумий, 30/1"
"1,598","Продуктовый магазин","Озекти, 16/1, 1 этаж"
"1,599","Продуктовый магазин","Наурыз, 186"
"1,600","Продуктовый магазин","Гагарина, 56а"
"1,601","Продуктовый магазин","Капал батыра, 104"
"1,602","Продуктовый магазин","Туран, 10/1"
"1,603","Продуктовый магазин","Республики проспект, 46а, 1 этаж"
"1,604","Продуктовый магазин","Нурлыбаева, 684"
"1,605","Продуктовый магазин","Исмаилова, 11а"
"1,606","Продуктовый магазин","Нурлыбаева, 14/2"
"1,607","Продуктовый магазин","Бадамская 1-я, 1"
"1,608","Продуктовый магазин","Колбаева, 28"
"1,609","Продуктовый магазин","Зердели, 1а/3"
"1,610","Продуктовый магазин","Кенесарина, 1/2"
"1,611","Продуктовый магазин","Бекзат Саттарханова, 20"
"1,612","Продуктовый магазин","Отырар, 33/1"
"1,613","Продуктовый магазин","Кентаева, 1/1"
"1,614","Продуктовый магазин","Жетысай, 10"
"1,615","Продуктовый магазин","Восток микрорайон, 113/2"
"1,616","Продуктовый магазин","Бекболатова, 1/1"
"1,617","Продуктовый магазин","Токбайге, 72/1"
"1,618","Продуктовый магазин","Баулык, 2133"
"1,619","Продуктовый магазин","Пайзахметова, 29"
"1,620","Продуктовый магазин","Жиделибайсын, 92, 1 этаж"
"1,621","Продуктовый магазин","Тамерлановское шоссе, 202/5"
"1,622","Продуктовый магазин","Аркалык, 37/1"
"1,623","Продуктовый магазин","Ашира Едилбаева, 2/4"
"1,624","Продуктовый магазин","Асар микрорайон, 8/4"
"1,625","Продуктовый магазин","Шардара, 1/9"
"1,626","Продуктовый магазин","Тасбулак, 59/2"
"1,627","Продуктовый магазин","Нуртас, 2"
"1,628","Продуктовый магазин","Искакова, 5/3"
"1,629","Продуктовый магазин","Ибрагим ата, 227, 1 этаж"
"1,630","Продуктовый магазин","Булбул, 5/9"
"1,631","Продуктовый магазин","Галицына, 15/1"
"1,632","Продуктовый магазин","Музтау, 2/5"
"1,633","Продуктовый магазин","2-я улица, 160/4"
"1,634","Продуктовый магазин","2-я улица, 16/05"
"1,635","Продуктовый магазин","Каган, 15"
"1,636","Продуктовый магазин","Балкыбекова, 1/5"
"1,637","Продуктовый магазин","Бекмаханова, 2"
"1,638","Продуктовый магазин","Манкент, 31/1"
"1,639","Продуктовый магазин","Жибек жолы, 18/4"
"1,640","Продуктовый магазин","Ак Алтын, 2/10"
"1,641","Продуктовый магазин","Бейбитшилик, 8Б, 1 этаж"
"1,642","Продуктовый магазин","Бауыржан Момышулы проспект, 13, 1 этаж"
"1,643","Продуктовый магазин","Клары Цеткин, 93/1"
"1,644","Продуктовый магазин","Байдибек би проспект, 20/5"
"1,645","Продуктовый магазин","Амур ага, 52/1"
"1,646","Продуктовый магазин","Жиделибайсын, 92, 1 этаж"
"1,647","Продуктовый магазин","Капал батыра, 119"
"1,648","Продуктовый магазин","Мейримди, 133, 1 этаж"
"1,649","Продуктовый магазин","Жана жол, 34/1"
"1,650","Продуктовый магазин","Гулдала, 6/2"
"1,651","Продуктовый магазин","Аскар Тау, 2/1"
"1,652","Продуктовый магазин","Бершинтобе, 99/2"
"1,653","Продуктовый магазин","Жасталап, 28/1"
"1,654","Продуктовый магазин","Жастар, 125/1"
"1,655","Продуктовый магазин","Момынова, 1/7"
"1,656","Продуктовый магазин","Кулжабай Толеуова, 30"
"1,657","Продуктовый магазин","Амангельды, 95/1"
"1,658","Продуктовый магазин","Шардара, 4/2"
"1,659","Продуктовый магазин","Алибекова, 157"
"1,660","Продуктовый магазин","Тайбекова, 106/1"
"1,661","Продуктовый магазин","Мухаметкула Исламкулова, 97/1"
"1,662","Продуктовый магазин","Момынова, 1/3"
"1,663","Продуктовый магазин","Сайрамское шоссе, 3, 1 этаж"
"1,664","Продуктовый магазин","Амира Тимура, 225"
"1,665","Продуктовый магазин","Туркестан, 79/1"
"1,666","Продуктовый магазин","Мамак Сыздыкулы, 31"
"1,667","Продуктовый магазин","Кызылкол, 5/1"
"1,668","Продуктовый магазин","Омарташы, 2Б/1"
"1,669","Продуктовый магазин","Асар микрорайон, 905/1"
"1,670","Продуктовый магазин","Бирлик, 2/1"
"1,671","Продуктовый магазин","Шалкаркол, 35/1"
"1,672","Продуктовый магазин","Алматинская трасса, 138/15"
"1,673","Продуктовый магазин","Серикбаева, 10"
"1,674","Продуктовый магазин","Асар 2 микрорайон, 5/6"
"1,675","Продуктовый магазин","Абдраймова, 11"
"1,676","Продуктовый магазин","Амира Тимура, 327/1"
"1,677","Продуктовый магазин","Жибек жолы, 9/7"
"1,678","Продуктовый магазин","Гозахан, 43а/1"
"1,679","Продуктовый магазин","Абдраймова, 2/7"
"1,680","Продуктовый магазин","Тамерлановское шоссе, 14/8"
"1,681","Продуктовый магазин","Гулдер, 2"
"1,682","Продуктовый магазин","Байдибек би проспект, 13"
"1,683","Продуктовый магазин","Мамадаева, 55"
"1,684","Продуктовый магазин","Амира Тимура, 237/19"
"1,685","Продуктовый магазин","Айбар, 23/1"
"1,686","Продуктовый магазин","Жуманова, 22/1"
"1,687","Продуктовый магазин","Жибек жолы, 179/2"
"1,688","Продуктовый магазин","Гагарина, 24а"
"1,689","Продуктовый магазин","Жандосова, 73, 1 этаж, 102 кабинет"
"1,690","Продуктовый магазин","Жиделибайсын, 68, 1 этаж"
"1,691","Продуктовый магазин","Алдиярова, 87, 1 этаж"
"1,692","Продуктовый магазин","Алдиярова, 2, 1 этаж"
"1,693","Продуктовый магазин","18-й микрорайон, 4/3"
"1,694","Продуктовый магазин","Абая проспект, 26, 1 этаж"
"1,695","Продуктовый магазин","Восток микрорайон, 63, 1 этаж"
"1,696","Продуктовый магазин","Тамерлановское шоссе, 22/18"
"1,697","Продуктовый магазин","Бостан Алимбекова, 37"
"1,698","Продуктовый магазин","Кабанбай батыра проспект, 5"
"1,699","Продуктовый магазин","Торекулова, 216а, 1 этаж"
"1,700","Продуктовый магазин","Гагарина, 107, 1 этаж"
"1,701","Продуктовый магазин","Дулати, 62"
"1,702","Продуктовый магазин","Кабанбай батыра проспект, 6, 1 этаж"
"1,703","Продуктовый магазин","Манасова, 8/1"
"1,704","Продуктовый магазин","Толе би, 12а, 1 этаж"
"1,705","Продуктовый магазин","Алтынсарина, 5"
"1,706","Продуктовый магазин","Толе би, 32а/2"
"1,707","Продуктовый магазин","Азаттык, 4"
"1,708","Продуктовый магазин","Жиделибайсын, 50"
"1,709","Продуктовый магазин","Каратюбинское шоссе, 36"
"1,710","Продуктовый магазин","Абдыразакова, 10, 1 этаж"
"1,711","Продуктовый магазин","Терешковой, 48, 1 этаж"
"1,712","Продуктовый магазин","Дулати, 200/2"
"1,713","Продуктовый магазин","Сарыозек, 603/4"
"1,714","Продуктовый магазин","Жибек жолы, 97/1"
"1,715","Продуктовый магазин","Уржар, 8/1"
"1,716","Продуктовый магазин","Жибек жолы, 93"
"1,717","Продуктовый магазин","Момышулы, 1/6"
"1,718","Продуктовый магазин","Турсынбаева, 30/1"
"1,719","Продуктовый магазин","Аль-Фараби, 21/1"
"1,720","Продуктовый магазин","Алпамыс батыра, 1/2"
"1,721","Продуктовый магазин","Болсынай Даулбаева, 1/1"
"1,722","Продуктовый магазин","Сайрамская, 82, 1 этаж"
"1,723","Продуктовый магазин","Сыздыкова, 1/4"
"1,724","Продуктовый магазин","Талтус, 4"
"1,725","Продуктовый магазин","Павлова, 21а"
"1,726","Продуктовый магазин","Ермекова, 20/1"
"1,727","Продуктовый магазин","Сураншы батыра, 24/1"
"1,728","Продуктовый магазин","Оркендеу, 22/1"
"1,729","Продуктовый магазин","Акжауын, 42/1"
"1,730","Продуктовый магазин","Чайковского, 85/2"
"1,731","Продуктовый магазин","Туркестанская, 85, 1 этаж"
"1,732","Продуктовый магазин","Майлы Кожа, 1, 1 этаж"
"1,733","Продуктовый магазин","ПМК-21, 15/1"
"1,734","Продуктовый магазин","Султанова, 37/1"
"1,735","Продуктовый магазин","Курылыс, 1/1"
"1,736","Продуктовый магазин","Гагарина, 244/3"
"1,737","Продуктовый магазин","Жубанова, 90/1"
"1,738","Продуктовый магазин","Камытбек Мамешов, 77/77"
"1,739","Продуктовый магазин","Бозтоган, 2/1"
"1,740","Продуктовый магазин","Камбарулы, 36/1"
"1,741","Продуктовый магазин","Шардара, 19/2"
"1,742","Продуктовый магазин","Ленина, 7а, 1 этаж"
"1,743","Продуктовый магазин","Бершинтобе, 99"
"1,744","Продуктовый магазин","Ахметова, 22/1, 1 этаж"
"1,745","Продуктовый магазин","Майлы Кожа, 63"
"1,746","Продуктовый магазин","Ташенова, 77"
"1,747","Продуктовый магазин","Рашидова, 14а/8, 1 этаж"
"1,748","Продуктовый магазин","Жанкожа батыра, 70"
"1,749","Продуктовый магазин","Тойганбаева, 7/1, 1 этаж"
"1,750","Продуктовый магазин","Юсупова, 40"
"1,751","Продуктовый магазин","Рыскулова, 141/8"
"1,752","Продуктовый магазин","Байдукова, 63/2"
"1,753","Продуктовый магазин","Сеченова, 23"
"1,754","Продуктовый магазин","Кенесарина, 10/1"
"1,755","Продуктовый магазин","15-й микрорайон, 7, 1 этаж"
"1,756","Продуктовый магазин","Алдиярова, 2/4"
"1,757","Продуктовый магазин","Нуртас, 12"
"1,758","Продуктовый магазин","Бейбитшилик, 12"
"1,759","Продуктовый магазин","Наурыз, 33/1"
"1,760","Продуктовый магазин","Республики проспект, 17"
"1,761","Продуктовый магазин","Нурсат микрорайон, 135а, 0 этаж"
"1,762","Продуктовый магазин","Аргынбекова, 7/1а"
"1,763","Продуктовый магазин","Тамерлановское шоссе, 46/6Б"
"1,764","Продуктовый магазин","Республики проспект, 46а, 1 этаж"
"1,765","Продуктовый магазин","Республики проспект, 46а, 1 этаж"
"1,766","Продуктовый магазин","Павлова, 21а"
"1,767","Продуктовый магазин","Республики проспект, 46а, 1 этаж"
"1,768","Продуктовый магазин","Республики проспект, 46а, 1 этаж"
"1,769","Продуктовый магазин","Рыскулова, 359/13"
"1,770","Продуктовый магазин","Рыскулова, 26/2"
"1,771","Продуктовый магазин","Тамерлановское шоссе, 22/7"
"1,772","Продуктовый магазин","Тамерлановское шоссе, 129, 1 этаж"
"1,773","Продуктовый магазин","Жиделибайсын, 92, 1 этаж"
"1,774","Продуктовый магазин","Республики проспект, 46а, 1 этаж"
"1,775","Продуктовый магазин","Республики проспект, 46а, 1 этаж"
"1,776","Продуктовый магазин","Токбайге, 44"
"1,777","Продуктовый магазин","Алимкулова, 5, 1 этаж"
"1,778","Продуктовый магазин","Байтурсынова, 5/6, 1 этаж"
"1,779","Продуктовый магазин","Рашидова, 34/5"
"1,780","Продуктовый магазин","Рашидова, 14а/2, 1 этаж"
"1,781","Продуктовый магазин","Жибек жолы, 39/4"
"1,782","Продуктовый магазин","Жиделибайсын, 80/6"
"1,783","Продуктовый магазин","Жиделибайсын, 33/3"
"1,784","Продуктовый магазин","Кос-Диермен, 1/2"
"1,785","Продуктовый магазин","18-й микрорайон, 4/2"
"1,786","Продуктовый магазин","Жиделибайсын, 72"
"1,787","Продуктовый магазин","Тамерлановское шоссе, 202, 1 этаж"
"1,788","Продуктовый магазин","Восток микрорайон, 18/1"
"1,789","Продуктовый магазин","Адырбекова, 2/2, 1 этаж"
"1,790","Продуктовый магазин","Толе би, 9/12"
"1,791","Продуктовый магазин","Турсынбаева, 30/4"
"1,792","Продуктовый магазин","Алматинская трасса, 6/12"
"1,793","Продуктовый магазин","Бес Агаш, 27/1"
"1,794","Продуктовый магазин","18-й микрорайон, 54"
"1,795","Продуктовый магазин","Байтурсынова, 5/6, 1 этаж"
"1,796","Продуктовый магазин","Салавата Юлаева, 40/1"
"1,797","Продуктовый магазин","Нурсат микрорайон, 135в, 1 этаж"
"1,798","Продуктовый магазин","Восток микрорайон, 31/7, 1 этаж"
"1,799","Продуктовый магазин","Шымсити, 1375"
"1,800","Продуктовый магазин","Козы Корпеш, 10/1"
"1,801","Продуктовый магазин","Естемес би, 10"
"1,802","Продуктовый магазин","Ибрагим ата, 293а, 1 этаж"
"1,803","Продуктовый магазин","Инкардария, 18"
"1,804","Продуктовый магазин","Алматинская трасса, 5/6"
"1,805","Продуктовый магазин","Есенова, 5/5"
"1,806","Продуктовый магазин","Байдибек би проспект, 130/7"
"1,807","Продуктовый магазин","Тореза, 6Б"
"1,808","Продуктовый магазин","Шмидта, 9"
"1,809","Продуктовый магазин","Сатыбалдиева, 17/4"
"1,810","Продуктовый магазин","Есенова, 29"
"1,811","Продуктовый магазин","Бекмаханова, 40"
"1,812","Продуктовый магазин","2-я улица, 1835"
"1,813","Продуктовый магазин","Бекмаханова, 3"
"1,814","Продуктовый магазин","Керимбая Отебаева, 1"
"1,815","Продуктовый магазин","Керимбая Отебаева, 1/3"
"1,816","Продуктовый магазин","Улугбека, 79/1"
"1,817","Продуктовый магазин","5-я  улица, 1"
"1,818","Продуктовый магазин","Актам, 26/1, 1 этаж"
"1,819","Продуктовый магазин","Амира Тимура, 297/1, 1 этаж"
"1,820","Продуктовый магазин","Сайрамская, 45д/5"
"1,821","Продуктовый магазин","Абая, 32/2, 1 этаж"
"1,822","Продуктовый магазин","Жибек жолы, 9/6"
"1,823","Продуктовый магазин","Жантаева, 93"
"1,824","Продуктовый магазин","Ак Алтын, 4/2"
"1,825","Продуктовый магазин","Жантаева, 31/1"
"1,826","Продуктовый магазин","Фуркат 6-й проезд, 16/1"
"1,827","Продуктовый магазин","Ергеш ата Исраилова, 97/1"
"1,828","Продуктовый магазин","Амира Тимура, 237/13, 1 этаж"
"1,829","Продуктовый магазин","Амира Тимура, 237/15"
"1,830","Продуктовый магазин","Тастан, 4/1"
"1,831","Продуктовый магазин","Ибрагим ата, 113/46"
"1,832","Продуктовый магазин","Юсуфа Сареми, 50/3, 1 этаж"
"1,833","Продуктовый магазин","Юсуфа Сареми, 56/1"
"1,834","Продуктовый магазин","Юсуфа Сареми, 110"
"1,835","Продуктовый магазин","Юсуфа Сареми, 1/3"
"1,836","Продуктовый магазин","Ибрагим ата, 93/1"
"1,837","Продуктовый магазин","Менделеева, 19"
"1,838","Продуктовый магазин","Юсуфа Сареми, 1/19"
"1,839","Продуктовый магазин","Юсуфа Сареми, 37/1"
"1,840","Продуктовый магазин","Юсуфа Сареми, 27/3, 1 этаж"
"1,841","Продуктовый магазин","Ергеш ата Исраилова, 29/4"
"1,842","Продуктовый магазин","Ергеш ата Исраилова, 29/1"
"1,843","Продуктовый магазин","Юсуфа Сареми, 112/3"
"1,844","Продуктовый магазин","Сатыбалдиева, 30/3"
"1,845","Продуктовый магазин","Дружбы, 18/2"
"1,846","Продуктовый магазин","Сатыбалдиева, 30/1"
"1,847","Продуктовый магазин","Амира Тимура, 121"
"1,848","Продуктовый магазин","Ибрагим ата, 20а, 1 этаж"
"1,849","Продуктовый магазин","Искандар, 37/1"
"1,850","Продуктовый магазин","Бейсенбиева, 12"
"1,851","Продуктовый павильон","Туркестан, 55а"
"1,852","Продукты 113","Амангельды, 107а/1"
"1,853","Продукты 12","Отырар микрорайон, 12/1"
"1,854","Продукты 124","Клары Цеткин, 126а"
"1,855","Продукты 16","Сеченова, 16"
"1,856","Продукты 17","Кабанбай батыра проспект, 9/1"
"1,857","Продукты 21","Тауасарова, 21/1"
"1,858","Продукты 38","Гагарина, 38/1"
"1,859","Продукты 54","Коктем, 54"
"1,860","Продукты 56","Каламбаева, 56"
"1,861","Рабия","Хамза, 1"
"1,862","Радуга","Байтурсынова, 7/2"
"1,863","РАЙ","Кабанбай батыра проспект, 5, 1 этаж"
"1,864","Райхан","4-й микрорайон, 17а/2, 1 этаж"
"1,865","Райхан","Кеме калган, 1/4, 1 этаж"
"1,866","Райхан ана","Шардара, 19/1"
"1,867","Райхона","Никитина, 32/2"
"1,868","Ралас","Сурикова, 3а"
"1,869","Рауан","Куаныш Толеметова, 10/5"
"1,870","Рауан","Жибек жолы, 196/1, 1 этаж"
"1,871","РАУШАН","Тауке Хана проспект, 190, 1 этаж"
"1,872","Рахат","Нуртас, 93"
"1,873","Рахат","Назармат Ерметова, 46, 1 этаж"
"1,874","Рахат","Север микрорайон, 3, 1 этаж"
"1,875","Рахат","Бокейханова, 864/1"
"1,876","Рахат","Республики проспект, 15"
"1,877","Рахат","Нурсат микрорайон, 143/1, 1 этаж"
"1,878","Рахат","Толе би, 19, 1 этаж"
"1,879","Рахат","Кабанбай батыра проспект, 11Б, 1 этаж"
"1,880","Рахат","Гагарина, 26"
"1,881","Рахат","Бауыржан Момышулы проспект, 53/5, 1 этаж"
"1,882","Рахат","Жиделибайсын, 80/2"
"1,883","Рахим","Тажибаева, 32"
"1,884","Рахима","Жангельдина, 10"
"1,885","Рахия","Куаныш Толеметова, 69/37, 0 этаж"
"1,886","Рахматулла ата","Новостройка, 2/1"
"1,887","Рахмет","Талдысай, 710"
"1,888","Рахмет","Усенова, 28/1"
"1,889","Рахым","Аргынбекова, 68/1"
"1,890","Рахымжан","Алматинская трасса, 23/5"
"1,891","Рахымжан","Толе би, 32а/2"
"1,892","РАЯН","Алтын адам, 7/2"
"1,893","Реал","Ибрагим ата, 176а/3"
"1,894","Риза","Айбергенова, 10, 1 этаж"
"1,895","Рихсибуви","Гулистан, 14"
"1,896","Родничок","Желтоксан, 176"
"1,897","Роза Апа","Кок сай 1 микрорайон, 463"
"1,898","Розмат Ата","Жиделибайсын, 72"
"1,899","Розовый","Балкыбекова, 1/2"
"1,900","Россинка","Бауыржан Момышулы проспект, 18, 1 этаж"
"1,901","Рошен","8-й микрорайон, 62, 1 этаж"
"1,902","Руслан","Казанкап акына, 1/3Б"
"1,903","Руслан","Республики проспект, 18, 1 этаж"
"1,904","Руслан","4-й микрорайон, 9/3"
"1,905","Руслан и Амина","Рыскулова, 359/13"
"1,906","Рустам","Алпысбаева, 113/1"
"1,907","Рустам","Узбек, 2/7"
"1,908","Рустам","Аль-Фараби, 19/1"
"1,909","Рустем","Север микрорайон, 2, 1 этаж"
"1,910","Рыск?л апа","Шымкентская, 22/1, 1 этаж"
"1,911","С???ар","Желтоксан, 6"
"1,912","Сұлтан","Шокана Уалиханова, 225/15"
"1,913","С?лтан","Дулати, 202/1"
"1,914","С?ЛТАН","Отырар, 1/1"
"1,915","С?лтан","Муратова, 2"
"1,916","С?т","Туркестанская, 2/2, 1 этаж"
"1,917","С?т","Рыскулова, 1а"
"1,918","С?т","Алпамыс батыра, 2/7"
"1,919","С?т","Сырым батыра, 92, 1 этаж"
"1,920","С?т","Байдибек би проспект, 7/3, 1 этаж"
"1,921","С?т","Нурсат микрорайон, 203, 1 этаж"
"1,922","С?уле","Гулдер Ай, 37/1"
"1,923","Са-На","8-й микрорайон, 10, 1 этаж"
"1,924","Са?и","Отырар микрорайон, 59/1"
"1,925","Сабина","Сайрам микрорайон, 10/3, 1 этаж"
"1,926","Сабит","Майлы Кожа, 182а"
"1,927","Сабит","Мангельдина, 39а, 1 этаж"
"1,928","Сабыржан ата","Куртаева, 350/3"
"1,929","САИЛАУ","Республики проспект, 42/1"
"1,930","Сайдикрам ата","Абдулла Абад, 82/3"
"1,931","Сайдулла ата","Махмудова, 18"
"1,932","Сайдулла Ата","Амира Тимура, 220/1"
"1,933","Сайдыгани","Алпысбаева, 127/2, 1 этаж"
"1,934","Сайёра","Туркестанская, 185"
"1,935","Сайлаубек","Бозтоган, 1/4"
"1,936","Сайман","Байтерекова, 9а/1"
"1,937","Сайрам","Сайрам микрорайон, 24, 1 этаж"
"1,938","Сайрам-су","Жамалова, 4/4"
"1,939","Саламат","Рыскулова, 18/1, 1 этаж"
"1,940","САЛЕМ","Гани Иляева, 292а"
"1,941","Салих","Алматинская трасса, 25а/2"
"1,942","Салиха","Гагарина, 213, 1 этаж"
"1,943","Салтанат","Гани Иляева, 17, 1 этаж"
"1,944","Салтанат","Гагарина, 149а, 1 этаж"
"1,945","Салтанат","Баян батыра, 43"
"1,946","Салтанат","Восток микрорайон, 34"
"1,947","Салтанат","Шамши Калдаякова, 4, 1 этаж"
"1,948","САЛТАНАТ","Шардара, 3/9"
"1,949","Салтанат","Гагарина, 143, 1 этаж"
"1,950","Салтанат","Алимкулова, 2, 1 этаж"
"1,951","Салтанат","Карасу микрорайон, 85"
"1,952","Салтанат","Капал батыра, 177/4"
"1,953","Самал-2","Аргынбекова, 88, 1 этаж"
"1,954","Самат","Торекулова, 256/1"
"1,955","Самир","Амира Тимура, 237/3, 1 этаж"
"1,956","Самко","Таубалытас, 38"
"1,957","Самэул","Клары Цеткин, 101/2"
"1,958","Сан Лайт","Бауыржан Момышулы проспект, 64"
"1,959","Сандугаш","Ак Алтын, 3/1"
"1,960","САНДУГАШ","16-й микрорайон, 9"
"1,961","Санжар","Толе би, 19, 1 этаж"
"1,962","Санжар","Дулати, 181"
"1,963","Санжар","Аль-Фараби, 148"
"1,964","Санобар","Хамзы, 77/1"
"1,965","САНЧО","Север микрорайон, 47, 1 этаж"
"1,966","Саодат","Седова, 1/1"
"1,967","Саодат","Алимбетова, 135/3, 1 этаж"
"1,968","Сапар","Инкардария, 43"
"1,969","САПАРТАЙ АТА","Казына, 1"
"1,970","Сарбон","Гагарина, 54/1, 1 этаж"
"1,971","Сарвар","Ибрагим ата, 118/3, 1 этаж"
"1,972","Сарваржон","Ибрагим ата, 323, 1 этаж"
"1,973","Сарназ","Жанкожа батыра, 6, 1 этаж"
"1,974","САРЫ ЖАЗ","18-й микрорайон, 41/3"
"1,975","Сары-Арка","18-й микрорайон, 19/3, 1 этаж"
"1,976","Саттар","Чехова, 57/1"
"1,977","Сауле","Ынтымак, 46/2, 1 этаж"
"1,978","Сауле","Гулдер Ай, 37/1"
"1,979","Сауран","Жаркымбекова, 14, 1 этаж"
"1,980","Сафар","Народовольцев, 45"
"1,981","САФАРИ","Жибек жолы, 76Б, 1 этаж"
"1,982","Сафина","Жиделибайсын, 45"
"1,983","Сахарный центр","Орынбаева, 92, 1 этаж"
"1,984","САХИДА АПА","Мухаметкула Исламкулова, 102а"
"1,985","Сая","Турсынкул Утегенова, 7/10"
"1,986","Сая","Алматинская трасса, 11/2"
"1,987","Сая","Восток микрорайон, 45"
"1,988","Сая","Хантагы, 2/1"
"1,989","СаяЖан","Нурсултана Назарбаева проспект, 39, цокольный этаж"
"1,990","Саян","Мухаметкула Исламкулова, 43/1, 1 этаж"
"1,991","Светлана","Алимбетова, 119"
"1,992","Севара","Спатаева, 3/1"
"1,993","Севгина","Бершинтобе, 99/4"
"1,994","Севинч","Мадели Кожа, 128"
"1,995","Севинч","Аль-Фараби, 40"
"1,996","Сейітбек","Турсынкул Утегенова, 8134"
"1,997","СЕМЕЙ-АТА","Пшеничных, 28"
"1,998","СЕРДАЛЫ","Акпан батыра, 44"
"1,999","Серик","Койкелди Батыра, 29/1"
"2,000","Серік","Бабашулы, 131"
"2,001","Сетора","Бостандык 7-й переулок, 2, 1 этаж"
"2,002","Симар","Аль-Фараби, 55а"
"2,003","Симча","Амира Тимура, 312/1"
"2,004","Сириус","Конституции, 35а"
"2,005","Сити-маркет","Отырар микрорайон, 60"
"2,006","Ситора","Жибек жолы, 100/2"
"2,007","Ситора","Гастелло, 84/1"
"2,008","Смак","Шамши Калдаякова, 19, 1 этаж"
"2,009","Согдиана","Дулати, 167/1, 1 этаж"
"2,010","Соня","Исханова, 5/6"
"2,011","Спутник","Байтурсынова, 5, 1 этаж"
"2,012","Стиль","Аймаутова, 59/1"
"2,013","Су Зар","Кожанова, 42/1"
"2,014","Султан","Байтурсынова, 124/1"
"2,015","Султан","Кентаева, 2"
"2,016","Султан апа","Капал батыра, 2а"
"2,017","Султан Ата","Курылыс, 27/1 стр"
"2,018","СУЛТАНБЕЙ","Аль-Фараби, 83"
"2,019","Супер бум","Аскарова, 41, 1 этаж"
"2,020","Сыбага","Карасу микрорайон, 66"
"2,021","Сымбат","Асар микрорайон, 4/1"
"2,022","Сымбат","Отырар микрорайон, 11/1, 1 этаж"
"2,023","СЫМБАТ","Гани Иляева, 25, 1 этаж"
"2,024","Сымбат","Ташенова, 81"
"2,025","СЫМБАТ","Республики проспект, 30"
"2,026","Сымбат","Асар микрорайон, 14, 1 этаж"
"2,027","Сымбат","Жасталап, 48"
"2,028","Сыр сулуы","Сасбукаева, 99/1"
"2,029","СЭД","Акпан батыра, 102, 1 этаж"
"2,030","Т?ЖЕН АТА","Зердели, 1а, 1 этаж"
"2,031","Т?рсін-Ай","Бабашулы, 12/6"
"2,032","Т?рсынай","Аксуат, 1/1"
"2,033","ТА?","Восток микрорайон, 31/1"
"2,034","Та?шолпан","Назарова, 14"
"2,035","Табыс","Камбарулы, 56/1"
"2,036","Табыс","Бауыржан Момышулы проспект, 82"
"2,037","Табыс","Машат, 38/1"
"2,038","Табыс-2","Камбарулы, 18а"
"2,039","ТАБЫСТЫ","Аль-Фараби, 177/1"
"2,040","Тажiмурат ата","Казыбек Би, 176"
"2,041","ТАЖИБАЙ АТА","Биржан сал, 25/1"
"2,042","Таксофон","Аргынбекова, 23/1"
"2,043","Таксофон","Застенная, 20а"
"2,044","Таксофон","Жанаталап микрорайон, 1/10"
"2,045","ТАЛ?АТ","Сиргели, 226/2, 1 этаж"
"2,046","Талан","Дулати, 117"
"2,047","Тан","Аскарова, 34, 1 этаж"
"2,048","Тан","Нурсултана Назарбаева проспект, 20"
"2,049","Тандем","Желтоксан, 20, 1 этаж"
"2,050","Таншолпан","Жамалбека Шаймерденова, 202а"
"2,051","Таншолпан","Рыскулова, 59, 1 этаж"
"2,052","ТАНШОЛПАН","Ергеш ата Исраилова, 2"
"2,053","ТАССАЙ","Жибек жолы, 9/1, 1 этаж"
"2,054","Тастанбек ата","Атануры, 423"
"2,055","Тату","8-й микрорайон, 12, 1 этаж"
"2,056","Таубай","Спортивный микрорайон, 12/1, 1 этаж"
"2,057","Тахир","Шамши Калдаякова, 123/2"
"2,058","Тахир","Туркестан, 67/1"
"2,059","Тахир","Алимкулова, 38, 0 этаж"
"2,060","ТАХМИНА","Байтурсынова, 40/1"
"2,061","ТАХМИНА","Теспе, 32"
"2,062","ТЕМИРЛАН","Махамбет, 2/2"
"2,063","Темірлан","Карабура аулие, 3/1"
"2,064","Тенге","Казанкап акына, 28"
"2,065","Терекзор","Терекзор, 77"
"2,066","Тимур","Аскарова, 41а, 1 этаж"
"2,067","Тимур","Шокана Уалиханова, 225а"
"2,068","Тимур","17-й микрорайон, 2, 1 этаж"
"2,069","Тиын","Сайрам микрорайон, 10/2"
"2,070","То?жан","Музтау, 10"
"2,071","То?жан","Север микрорайон, 53, 1 этаж"
"2,072","ТОЙЛЫБАЙ АТА","Оналбаева, 59/1"
"2,073","Тойлыбай ата","Жанысбаев Оразбай ата, 1/1"
"2,074","Тойшы ата","Аблязимова, 37/1"
"2,075","Толен","Байтурсынова, 44"
"2,076","Томирис","Муратова, 10/1"
"2,077","Туннель","Саяжай, 1"
"2,078","Туран","Жангельдина, 18, 1 этаж"
"2,079","Турсын ай","Тамерлановское шоссе, 54/2"
"2,080","Тынык апа","Есалиева, 12/3"
"2,081","У Асема","Отырар, 33/2"
"2,082","У Зарины","Гагарина, 110, 1 этаж"
"2,083","У Ислама","Дулатбека Рахымбергенова, 1, 1 этаж"
"2,084","У Ферузы","Елшибек батыра, 106"
"2,085","Уак-Ата","Стадионная, 4, 1 этаж"
"2,086","Уктамбай","Мирсаат Ерметова, 1/5"
"2,087","УЛАР","Отырар микрорайон, 53/1"
"2,088","УлАр","Север микрорайон, 66, 1 этаж"
"2,089","Улбосын","Анар-Аже, 6836/2"
"2,090","Улдан ана","Капал батыра, 112/1"
"2,091","Улугбек","Круговой, 71"
"2,092","Умiт","Алпамыс батыра, 2/4"
"2,093","Умар","Казыбек Би, 138"
"2,094","УМАР-АЛИ","Дауылова, 20а"
"2,095","Умид","Абая проспект, 18/1"
"2,096","Умит","Диваева, 140"
"2,097","Умит","Рашидова, 14а/2, 1 этаж"
"2,098","Урбеш-Ай","17-й микрорайон, 12, 1 этаж"
"2,099","Уржан ана","Шокана Уалиханова, 1/1, 1 этаж"
"2,100","Уржан ана","Жибек жолы, 4/4Б"
"2,101","Урхантай апа","Нурсултана Назарбаева проспект, 47, 0 этаж"
"2,102","Усен","18-й микрорайон, 58, 1 этаж"
"2,103","Фарангиз","Есенова, 2/7"
"2,104","Фарзат","Адильбек Керимше, 51/1, 1 этаж"
"2,105","Фарида","Айдарлы, 2/2"
"2,106","Фархад","Корикты, 71/1"
"2,107","Фархат","Аскарова, 32/2"
"2,108","Фатима","Аргынбекова, 477"
"2,109","Фатима","Атасу, 7/2, 1 этаж"
"2,110","Фатима 2","Куаныш Толеметова, 69/24"
"2,111","Фатима апа","Атасу, 35"
"2,112","Фериде","Толе би, 37, 1 этаж"
"2,113","Феруза","Шокана Уалиханова, 215В/1, 1 этаж"
"2,114","Фея","17-й микрорайон, 15а/1"
"2,115","Фирдаус","Жибек жолы, 67/1"
"2,116","Фиркан","Бауыржан Момышулы проспект, 93/1"
"2,117","Фиркан","Дулати, 134"
"2,118","Фиркан","Толебаева, 1/1, 1 этаж"
"2,119","Фиркан","Шокана Уалиханова, 225в/2"
"2,120","Фламинго","Спортивный микрорайон, 4/1, 1 этаж"
"2,121","Фуд Мастер","Диваева, 100"
"2,122","Хадиша","16-й микрорайон, 42, 1 этаж"
"2,123","ХАДИША 2","Север микрорайон, 4, 1 этаж"
"2,124","Халал","Аймаутова, 125, 1 этаж"
"2,125","Халал","Аль-Фараби, 2а/4"
"2,126","Ханзада","Нурсултана Назарбаева проспект, 41, цокольный этаж"
"2,127","ХАНШАЙЫМ","2-я, 29/1"
"2,128","Ханшайым","Туркестан, 1/1"
"2,129","Хасан Ата","Мангельдина, 37/2, 1 этаж"
"2,130","ХАСАН-ХУСАН","Дамбовая, 31/1"
"2,131","Хасият","Гагарина, 13/2"
"2,132","ХАТИРА","Узбекская, 45/2"
"2,133","Хоттабыч","Мустафа Озтурука, 150/1"
"2,134","Христина","Шамши Калдаякова, 4/5"
"2,135","Худайберген Ата","Аль-Фараби, 103/1"
"2,136","Хурсанд Ата","Диваева, 15, 1 этаж"
"2,137","Хусанбай","Сман Азимова, 85Б"
"2,138","Целина","Байдибек би, 53/1, 1 этаж"
"2,139","Цитадель","Маншук Маметовой, 172/1"
"2,140","Чайка","Диваева, 69"
"2,141","Чапаевка","Тайманулы, 15"
"2,142","Чарос","Бабыра, 9"
"2,143","Чарос","Аль-Фараби, 3/1"
"2,144","Чарос","Ибрагим ата, 21/1"
"2,145","Ш??ыла","Шугыла, 13/2"
"2,146","Ш??ЫЛА","Атасу, 7"
"2,147","Ш??ыла","Гулдала, 56/1"
"2,148","Ша?ыра?","Камбарулы, 101"
"2,149","ШАhАР","Сыпырган ата, 1/1, 1 этаж"
"2,150","Шавкат","Бауыржан Момышулы проспект, 68/1"
"2,151","Шаймерден","Сырым батыра, 153/1"
"2,152","Шакам ата","Турсынкул Утегенова, 1595"
"2,153","Шал","Зере, 1/6"
"2,154","Шапагат","Шокана Уалиханова, 192а/2"
"2,155","ШАПАГАТ","Орал, 82/1"
"2,156","ШАПАГАТ-2","Шапагат-2 микрорайон, 1/4"
"2,157","ШАРБЕТ","Исмаилова, 4/2"
"2,158","Шарипа","Мамина-Сибиряка, 9/1"
"2,159","Шарипбай ата","Новостройка, 1/1"
"2,160","Шарифхан","Саттарханова, 59/1"
"2,161","Шах","Байбори, 25"
"2,162","Шах","Шакирова, 31/1"
"2,163","ШАХ","Хан Танири, 63"
"2,164","Шах","Туркестан, 47/1"
"2,165","ШАХ 10","Аль-Фараби, 270/2"
"2,166","Шах Нур","Юсуфа Сареми, 46/3, 1 этаж"
"2,167","Шах-Нур","Гани Иляева, 124, 1 этаж"
"2,168","Шахар","Сман Азимова, 32/1"
"2,169","Шахзод","Искра, 28, 1 этаж"
"2,170","Шахмат","Аль-Фараби, 103/1"
"2,171","Шахноза","Аймаутова, 18"
"2,172","Шахризода","Аль-Фараби, 139, 1 этаж"
"2,173","Шаян","Спатаева, 100"
"2,174","Ширин","Манкент, 19а"
"2,175","Ширин","Байдибек ата, 16"
"2,176","Шо?ан","Народовольцев, 31а/1"
"2,177","Шодиана","Сатыбалдиева, 47/1, 1 этаж"
"2,178","Шолпан","Тауке Хана проспект, 175"
"2,179","Шолпан","Астана микрорайон, 74, 1 этаж"
"2,180","Шолпан","Жасталап, 37"
"2,181","Шолпан","Нурсат микрорайон, 8, 1 этаж"
"2,182","Шолпан","Амангельды, 20/7"
"2,183","Шолпан","Тажибаева, 55"
"2,184","Шолпан","Кожанова, 25, 1 этаж"
"2,185","Шукур ата","Молодая Гвардия, 25/1"
"2,186","Шурик","Туркестан, 51"
"2,187","ШУХРАТ","Ауэзова, 34"
"2,188","Шухрат","Дулати проезд, 1/1"
"2,189","Шым","Алимбетова, 62/3"
"2,190","ШЫМБОЛАТ","Шокана Уалиханова, 231Б/2"
"2,191","Шымкент кус","Туркестанская, 2/3"
"2,192","Шымыр Ата","Турсынкул Утегенова, 7/4, 1 этаж"
"2,193","Шынар","Аль-Фараби, 2г/1, 1 этаж"
"2,194","Шынар Халал","Жандосова, 43, 1 этаж"
"2,195","ШЫРЫН","Теректи, 18/2"
"2,196","Шырын","Терешковой, 18/1"
"2,197","Ынтыма?","Рыскулова, 534"
"2,198","Ынтыма?","Гагарина, 13/9"
"2,199","ЫНТЫМА?","Коктем, 2"
"2,200","Ынтымак","Ынтымак, 22/2"
"2,201","Ырыс","16-й микрорайон, 16/1"
"2,202","Ырыс","Казыбек Би, 11/1"
"2,203","Ырыс","Ташенова, 90/2"
"2,204","Ырыс","Тамерлановское шоссе, 46/40, 1 этаж"
"2,205","ЫРЫС","Казыбек Би, 188а"
"2,206","Ырыс","Гани Иляева, 5Б, 1 этаж"
"2,207","Ырыс","Бозарык микрорайон, 4/7"
"2,208","ЫРЫС","Юсупова, 27/2, 1 этаж"
"2,209","ЫРЫС АЙ","Еримбетова, 24, 1 этаж"
"2,210","ЫРЫСБАЙ АТА","Саттарханова, 3/1"
"2,211","Ысты","Отырар микрорайон, 60, 1 этаж"
"2,212","Эдельвейс","Дауренбека Курманбекова, 75/1"
"2,213","Эдельвейс","Тауке Хана проспект, 41, 1 этаж"
"2,214","ЭДЕМ","Елшибек батыра, 127/2, 1 этаж"
"2,215","Эконом Маркет","192-й квартал, 359/38, 1 этаж"
"2,216","ЭКОНОМ+","178-й квартал микрорайон, 257, 1 этаж"
"2,217","Экспресс","Кабанбай батыра проспект, 7, 1 этаж"
"2,218","Экспресс","Тамерлановское шоссе, 1/1"
"2,219","Элина","Республики проспект, 8/2, 1 этаж"
"2,220","Эль арас","Кабанбай батыра проспект, 2"
"2,221","Эльмира","Куаныш Толеметова, 6/12"
"2,222","Эльнура","Айдын, 21/4"
"2,223","Эркин","Шокана Уалиханова, 186/1"
"2,224","ЭФЕ","Теректи, 19/1"
"2,225","Эшим ата","Саттарханова, 2/1"
"2,226","Эшпол ата","Амира Тимура, 165/1"
"2,227","Южная Корзинка","Тамерлановское шоссе, 24/15"
"2,228","Южная Корзинка","Елшибек батыра, 118, 1 этаж"
"2,229","Южный","Елшибек батыра, 34а"
"2,230","Юлдаш ата","Юсуфа Сареми, 9/4"
"2,231","Юлдаш ата","Юсуфа Сареми, 112/1, 1 этаж"
"2,232","Ярче","Диваева, 89, 1 этаж"
"2,233","Ясмин","Кабанбай батыра проспект, 14/5, 1 этаж"
"2,234","Ясмин","Абая проспект, 33Б"
"2,235","Ясмина","Манкент, 31/2"
"2,236","Қуаныш","16 микрорайон, 6"
"2,237","Мадина","18 микрорайон, 49"
"2,238","Айару","Нурсат 2 микрорайон, 20"
"2,239","Qamqor","Елшибек батыра 16"
"2,240","Продуктовый магазин","Стадионная, 14"
"2,241","Оптовик 2","Достык мкр, ул Арайлы Тан, 337"
"2,242","Инжу","Достык мкр, Арайлы тан"
"2,243","Мадина","Гагарина"
"2,244","Әділ","Туркестанская 2/7"
"2,245","Спутник","Туркестанская, 5"
"2,246","Гүлжан","Зеленая балка 3"
"2,247","Арзан","Адырбкова 39"
"2,248","Нигина","Ташенова, 50"
"2,249","Диана","Яссауи, 35"
"2,250","Айнура","Ирисмет Ата, 17"
"2,251","Balym","Сагынбаева, 68/1"
"2,252","Ыстык Нан","АльФараби 221"
"2,253","Продуктовый Магазин","Яссауи, 1/1"
